order,leq_mean,leq_var,leq_std,leq_max,leq_10,leq_25,leq_median,leq_75,leq_90,leq_10-leq_90,loudness_mean,loudness_var,loudness_std,loudness_max,loudness_10,loudness_25,loudness_median,loudness_75,loudness_90,loudness_10-loudness_90,roughness_mean,roughness_var,roughness_std,roughness_max,roughness_10,roughness_25,roughness_median,roughness_75,roughness_90,roughness_10-roughness_90,sharpness_mean,sharpness_var,sharpness_std,sharpness_max,sharpness_10,sharpness_25,sharpness_median,sharpness_75,sharpness_90,sharpness_10-sharpness_90,fluct_mean,fluct_var,fluct_std,fluct_max,fluct_10,fluct_25,fluct_median,fluct_75,fluct_90,fluct_10-fluct_90,tonality_mean,tonality_var,tonality_std,tonality_max,tonality_10,tonality_25,tonality_median,tonality_75,tonality_90,tonality_10-tonality_90,score
1,64.66645,2.44902,1.56539,68.81651,62.72838,63.35437,64.54813,65.57262,66.87221,4.14383,17.7549,3.47748,1.86917,24.16,15.7515,16.255,17.285,18.91,20.195,4.4435,2.17955,0.05929,0.2435,3.26228,2.00974,2.06428,2.14585,2.26376,2.38926,0.37952,3.4183,0.04768,0.21886,4.17458,3.14906,3.27257,3.39873,3.52482,3.71207,0.56301,0.02187,0.00049,0.02207,0.08353,0.00515,0.00783,0.01473,0.01984,0.06786,0.06271,0.05675,0.00173,0.0417,0.18551,0,0.02823,0.05316,0.08016,0.11041,0.11041,5.95492
2,64.46865,4.52177,2.12706,68.13405,61.90404,63.42707,64.53042,65.95546,67.27144,5.3674,15.93369,4.05278,2.01787,21.84,13.4955,14.9885,16.105,17.095,18.195,4.6995,2.34253,0.08674,0.29453,2.9458,2.05411,2.16803,2.35296,2.57211,2.6404,0.58629,2.59361,0.02197,0.14856,2.96436,2.40017,2.48876,2.60305,2.71531,2.77142,0.37124,0.01954,0.00053,0.02314,0.08714,0.00503,0.0068,0.00986,0.01506,0.06792,0.0629,0.07857,0.00148,0.0386,0.22389,0.03691,0.05377,0.07142,0.09646,0.12822,0.09131,4.87705
3,62.65053,7.38417,2.71845,73.26871,59.66847,60.37409,62.2064,64.26367,66.67391,7.00544,14.61514,5.81866,2.4278,21.82,12.253,12.6235,14.123,15.6805,18.03,5.777,2.02092,0.06734,0.2595,2.55899,1.78612,1.87404,2.02241,2.15831,2.31495,0.52883,2.43511,0.02169,0.14823,2.80938,2.29563,2.33812,2.39759,2.46794,2.70949,0.41386,0.02493,0.00099,0.03142,0.10908,0.00339,0.00583,0.00735,0.03699,0.0789,0.07551,0.03378,0.00086,0.0296,0.09787,0,0,0.03544,0.05589,0.07545,0.07545,4.53279
4,64.14055,7.16172,2.67668,70.41818,60.83742,62.631,63.85893,65.68914,67.91712,7.07971,14.42197,5.5379,2.36871,20.61,11.586,12.997,14.036,15.691,17.32,5.734,1.80561,0.07232,0.26894,2.78202,1.51815,1.64876,1.81168,1.94465,2.07212,0.55397,2.26955,0.06774,0.26197,2.77669,1.88196,2.12405,2.27903,2.47014,2.58911,0.70715,0.06619,0.0006,0.02455,0.12029,0.04797,0.05699,0.06786,0.07799,0.09109,0.04313,0.07578,0.00292,0.05435,0.24121,0,0.03825,0.06447,0.11175,0.14294,0.14294,4.97951
5,64.21175,7.04826,2.65563,68.95757,60.96865,61.74495,63.99769,66.86936,67.51131,6.54266,16.29315,9.65347,3.11429,22.65,12.744,13.519,15.6545,19.235,20.55,7.806,2.25994,0.0842,0.29018,2.74414,1.96331,2.04924,2.20169,2.52397,2.60876,0.64545,2.68957,0.05556,0.23626,3.28861,2.41235,2.48971,2.62854,2.89199,3.01926,0.60691,0.02198,0.00063,0.02504,0.09366,0.00616,0.00847,0.01029,0.0231,0.07314,0.06698,0.03665,0.00264,0.05147,0.41853,0,0,0.02797,0.05282,0.08091,0.08091,6.12295
6,63.0048,18.96878,4.35658,71.86249,56.86812,59.15018,63.38451,65.9743,69.3066,12.43849,13.41019,9.61724,3.10844,21.1,9.8405,10.7665,12.5745,15.3815,18.45,8.6095,1.95413,0.09332,0.3055,2.60061,1.62293,1.72269,1.93306,2.11898,2.42583,0.8029,2.32214,0.03095,0.17634,2.75983,2.09014,2.18418,2.3204,2.45648,2.56125,0.47111,0.0362,0.0012,0.03461,0.13938,0.01337,0.01629,0.02151,0.03824,0.10294,0.08957,0.02511,0.00086,0.02942,0.13673,0,0,0.01779,0.0445,0.06872,0.06872,5.52049
7,63.08474,0.28492,0.53393,64.97421,62.55001,62.74547,62.97816,63.31137,63.86917,1.31915,15.57728,0.59692,0.77442,18.83,14.718,15.1375,15.4155,16.0015,16.48,1.762,2.13409,0.03445,0.1856,2.71834,2.00694,2.06863,2.12706,2.19907,2.29779,0.29085,3.53939,0.0128,0.11342,3.959,3.39383,3.45572,3.53974,3.62768,3.68747,0.29363,0.01478,0.00031,0.01752,0.06349,0.00494,0.00537,0.00667,0.01228,0.05249,0.04755,0.02255,0.00063,0.02522,0.09666,0,0,0.01598,0.04169,0.05907,0.05907,5.96311
8,64.4652,3.80047,1.95005,70.68342,62.70683,63.09469,63.77281,65.14159,67.49532,4.78849,17.15998,7.01934,2.65562,27.48,14.8405,15.384,16.235,17.915,21.11,6.2695,2.4877,0.16295,0.40368,3.71242,2.14946,2.24288,2.42093,2.63087,3.01852,0.86906,3.22409,0.01935,0.13942,3.79082,3.06876,3.14773,3.2148,3.28121,3.374,0.30523,0.01626,0.00033,0.01806,0.06654,0.00586,0.0066,0.00781,0.01198,0.0552,0.04934,0.02161,0.00051,0.02254,0.09767,0,0,0.02005,0.03813,0.05163,0.05163,5.89754
9,64.522,3.75489,1.93832,70.39539,62.23158,63.09156,64.24442,65.76459,67.20559,4.97401,16.37219,5.46083,2.34232,27.05,13.967,14.896,15.841,17.3,19.685,5.718,2.92912,0.87002,0.93278,5.29024,2.15432,2.28309,2.45865,3.56517,4.39863,2.24432,2.71368,0.04171,0.20472,3.42727,2.4792,2.5994,2.69396,2.82943,2.95499,0.47579,0.02515,0.00023,0.01512,0.06081,0.0119,0.01606,0.02112,0.0295,0.05397,0.04207,0.02473,0.0007,0.02645,0.12838,0,0,0.01994,0.04301,0.06207,0.06207,4.79508
10,64.72696,2.35864,1.53623,69.71812,62.91549,63.38778,64.63203,65.84231,66.61234,3.69685,15.78187,1.87113,1.3711,20.16,14.3085,14.6905,15.658,16.515,17.76,3.4515,1.84579,0.02141,0.14634,2.09623,1.74805,1.7912,1.84932,1.92085,1.96242,0.21437,4.26977,0.06597,0.25746,5.02189,3.95477,4.08972,4.25024,4.43871,4.59336,0.63859,0.02368,0.00043,0.02069,0.07647,0.00491,0.00701,0.01647,0.03294,0.063,0.05808,0.03309,0.0009,0.03015,0.14705,0,0,0.03078,0.05272,0.07101,0.07101,6.67213
11,61.23692,44.10798,6.64316,71.18963,51.96243,53.41866,62.99888,66.91633,69.25531,17.29289,15.13786,34.73285,5.90615,28.01,7.58,8.684,15.357,19.61,23.005,15.425,1.93496,0.31321,0.55967,2.8896,1.25035,1.35715,2.03909,2.42678,2.59709,1.34674,2.95666,0.07418,0.27295,3.50472,2.63916,2.7118,2.90399,3.15624,3.38779,0.74862,0.0316,0.00082,0.02874,0.09511,0.00414,0.00671,0.02128,0.0501,0.08163,0.07749,0.06435,0.00191,0.04376,0.20612,0,0.03708,0.06193,0.08832,0.12521,0.12521,4.27869
12,63.51456,18.20207,4.26763,69.48212,56.66547,61.3596,64.32777,66.62466,68.69561,12.03014,16.28868,16.7367,4.10064,24.17,9.9875,13.8155,16.8,19.095,22.19,12.2025,2.17022,0.10484,0.32381,2.77256,1.75845,1.96375,2.17696,2.40644,2.58938,0.83093,2.82447,0.028,0.16772,3.17923,2.60614,2.71234,2.81235,2.94834,3.05886,0.45272,0.02216,0.00103,0.03211,0.11525,0.00354,0.00428,0.00622,0.02103,0.08793,0.08439,0.02061,0.0006,0.02461,0.14664,0,0,0.01125,0.03645,0.0535,0.0535,6.85656
13,59.64055,34.98844,5.91742,74.63647,55.6572,55.96216,56.42405,61.41411,71.25671,15.59951,11.29426,26.35358,5.1668,25.93,8.3085,8.551,8.9665,10.3865,21.7,13.3915,1.6195,0.03226,0.17962,1.98009,1.493,1.5466,1.58696,1.67248,1.85632,0.36332,2.19387,0.49008,0.70459,3.99097,1.73744,1.77051,1.8638,2.13893,3.68442,1.94699,0.03664,0.00055,0.02342,0.08057,0.00565,0.01687,0.03378,0.05844,0.06771,0.06206,0.04229,0.00543,0.07419,0.3132,0,0,0,0.04715,0.16979,0.16979,3.63934
14,64.45858,2.50058,1.58164,70.43453,62.89075,63.37064,64.02426,65.122,66.76558,3.87483,15.79612,3.22101,1.80649,21.97,13.801,14.512,15.44,16.47,18.305,4.504,2.41275,0.18422,0.42923,3.69675,2.05111,2.14403,2.31755,2.65777,3.05128,1.00017,2.21477,0.04379,0.21064,2.94037,1.97739,2.0929,2.1625,2.31976,2.47579,0.4984,0.02658,0.00054,0.02321,0.09551,0.01155,0.01299,0.01819,0.02681,0.07366,0.06212,0.0067,0.00024,0.01573,0.06273,0,0,0,0,0.03426,0.03426,4.62705
15,64.10071,6.69097,2.58744,73.0666,61.29399,61.83543,63.56025,65.9721,67.48188,6.18789,14.96074,3.72942,1.9357,23.98,12.9235,13.4895,14.6965,16.17,17.81,4.8865,2.65881,0.22049,0.46958,5.17701,2.31663,2.41427,2.62851,2.76892,3.05449,0.73786,2.55206,0.04938,0.22274,3.28173,2.27411,2.44797,2.58371,2.70894,2.76824,0.49413,0.03172,0.00036,0.01905,0.07958,0.01304,0.0181,0.02963,0.04374,0.06079,0.04775,0.03343,0.00207,0.04559,0.25919,0,0,0.02013,0.04649,0.08649,0.08649,5.70902
16,64.58094,2.18867,1.47985,68.10262,62.75479,63.40854,64.55462,65.76079,66.52879,3.774,16.48329,2.59829,1.6157,21.44,14.511,15.236,16.27,17.51,18.89,4.379,2.24596,0.05677,0.23828,3.0403,2.05319,2.13426,2.23939,2.32739,2.50699,0.4538,2.63629,0.02064,0.14401,3.07399,2.44335,2.53736,2.64228,2.7339,2.79144,0.34809,0.02955,0.0006,0.0246,0.10178,0.01033,0.01527,0.0211,0.03049,0.07732,0.06699,0.02543,0.00068,0.02621,0.10171,0,0,0.02048,0.04479,0.06064,0.06064,5.52459
17,64.4745,3.26075,1.80628,70.03786,62.31467,63.24635,64.28907,65.62183,66.56301,4.24835,12.75038,2.65735,1.63396,17.31,10.7935,11.628,12.545,13.7915,15.0395,4.246,1.90491,0.03899,0.19747,2.26029,1.75204,1.8066,1.92083,2.0211,2.08183,0.32979,1.71327,0.01368,0.11724,2.06724,1.5488,1.64089,1.71869,1.78419,1.87744,0.32864,0.0272,0.00097,0.03113,0.1172,0.00646,0.00969,0.01361,0.02596,0.09031,0.08385,0.02371,0.00088,0.02968,0.13562,0,0,0,0.04028,0.06786,0.06786,5.90984
18,59.7739,41.4303,6.43836,73.24275,53.58591,54.34579,56.89229,64.42435,71.17445,17.58854,13.70229,36.14892,6.02534,30.58,8.5495,9.042,10.975,16.65,24.295,15.7455,1.89088,0.33254,0.57668,3.11978,1.34113,1.43916,1.63944,2.32508,2.88396,1.54283,3.04872,0.04273,0.20717,3.48496,2.76531,2.85536,3.09243,3.22393,3.29251,0.5272,0.0113,0.00023,0.01502,0.05372,0.00186,0.00195,0.00513,0.01021,0.04296,0.0411,0.10774,0.00111,0.03334,0.21841,0.06426,0.08175,0.10407,0.13126,0.15044,0.08618,5.28279
19,58.08885,0.02956,0.17198,58.63094,57.87506,57.96496,58.08529,58.20617,58.30715,0.43209,5.54472,0.06939,0.26399,6.66,5.299,5.392,5.495,5.619,5.798,0.499,0.28804,0.00106,0.03261,0.39215,0.25436,0.27073,0.2875,0.30295,0.32234,0.06799,5.59169,0.02636,0.16269,5.78756,5.39582,5.57937,5.63943,5.67217,5.71555,0.31974,0.00723,0.00014,0.0119,0.03997,0.00046,0.00053,0.00071,0.00779,0.03084,0.03038,0.02395,0.00223,0.04737,0.21179,0,0,0,0.02973,0.08832,0.08832,6.33607
20,63.70528,1.8069,1.34457,69.31062,61.92951,62.94139,63.58206,64.44339,65.23948,3.30997,14.16094,2.66752,1.63677,21.29,12.6845,13.128,13.838,14.663,16.0255,3.341,2.28332,0.30915,0.55603,4.36129,1.8074,1.94303,2.15373,2.47958,2.92754,1.12015,4.24,0.05807,0.24149,4.76698,3.92996,4.05631,4.26909,4.41841,4.53693,0.60697,0.02901,0.00022,0.01499,0.06691,0.01775,0.01979,0.02406,0.03951,0.05224,0.03449,0.05293,0.00096,0.03102,0.17002,0.01275,0.03418,0.05216,0.06644,0.08977,0.07702,6.28689
21,64.90539,0.39752,0.63066,67.04787,64.26742,64.47717,64.7725,65.0729,65.96292,1.6955,17.92815,0.864,0.93151,22.01,16.915,17.21,17.7,18.42,19.215,2.3,2.17134,0.03853,0.1963,2.74884,2.03241,2.0928,2.16932,2.27582,2.33918,0.30678,3.62063,0.01034,0.1019,4.11478,3.50141,3.55651,3.61424,3.67856,3.73812,0.23671,0.01793,0.00076,0.02756,0.09802,0.00264,0.00324,0.00394,0.01571,0.07502,0.07238,0.05069,0.0011,0.03328,0.16313,0,0.02774,0.04832,0.07147,0.09432,0.09432,5.27459
22,64.3861,0.36242,0.60217,66.98875,63.62964,63.92008,64.37119,64.76349,65.15393,1.52428,17.29376,1.07411,1.03862,22.28,16.195,16.56,17.19,17.95,18.51,2.315,2.33593,0.03478,0.18651,2.67734,2.22854,2.28385,2.33854,2.40823,2.48452,0.25598,3.63641,0.02297,0.15189,3.99316,3.43817,3.52131,3.63746,3.74568,3.83988,0.40172,0.02606,0.00055,0.02337,0.09305,0.00867,0.0115,0.01798,0.025,0.07361,0.06494,0.04288,0.00099,0.03148,0.13861,0,0.01929,0.04088,0.06405,0.08802,0.08802,6.03279
23,64.2174,6.38042,2.52662,69.30201,61.14665,62.24769,63.31508,66.7948,67.86041,6.71375,16.785,5.97647,2.45529,21.98,14.0745,14.839,15.8495,19.05,20.43,6.3555,2.19099,0.06249,0.24998,2.62761,1.97744,2.0445,2.19183,2.37681,2.47382,0.49638,3.00998,0.10739,0.32913,3.77535,2.62967,2.77868,2.90832,3.26761,3.50932,0.87965,0.0154,0.00048,0.02203,0.07843,0.0029,0.00336,0.00472,0.01279,0.06184,0.05894,0.02731,0.00024,0.01542,0.07612,0.01017,0.01704,0.02348,0.03581,0.04796,0.03779,5.28279
24,64.67552,2.58651,1.60859,70.4167,62.69191,63.45526,64.5965,65.73374,66.75498,4.06307,16.36245,4.70437,2.18318,21.86,13.9275,14.529,16.1,17.63,19.585,5.6575,2.17235,0.05045,0.22462,2.83121,2.01064,2.0668,2.14772,2.2548,2.37721,0.36658,2.3505,0.06946,0.26527,3.31098,2.07693,2.16307,2.29065,2.48742,2.66023,0.5833,0.03284,0.00049,0.02214,0.09637,0.01831,0.0214,0.02583,0.03092,0.07667,0.05836,0.0093,0.00019,0.01373,0.04581,0,0,0,0.02246,0.02746,0.02746,5.02049
25,60.32652,57.81632,7.60668,72.056,48.39807,52.57789,62.58078,66.49463,68.89167,20.4936,12.12527,29.2478,5.44313,22.99,5.6185,6.7815,12.337,15.8835,21.335,15.7165,1.17453,0.06893,0.26256,1.82775,0.78133,1.0148,1.22413,1.34717,1.46143,0.6801,2.56422,0.29277,0.54459,3.98562,2.07481,2.2095,2.31731,2.77552,3.39322,1.31841,0.04687,0.00086,0.02936,0.09938,0.00901,0.02328,0.04048,0.07611,0.08862,0.07961,0.24938,0.05429,0.23451,0.69649,0,0.02412,0.17133,0.45643,0.63231,0.63231,2.86885
26,63.56576,0.54543,0.73873,66.24591,62.75589,63.04314,63.42692,63.9973,64.63023,1.87434,16.38419,1.40049,1.18597,22.51,15.317,15.612,16.07,16.82,17.91,2.593,2.65299,0.25394,0.50394,4.32238,2.18963,2.30671,2.55086,2.89353,3.3458,1.15617,3.13362,0.0033,0.05759,3.43788,3.07149,3.09761,3.13025,3.16236,3.20201,0.13052,0.01657,0.0005,0.02239,0.08034,0.00265,0.00393,0.00569,0.01586,0.06308,0.06043,0.02773,0.0008,0.02827,0.11887,0,0,0.02775,0.04633,0.06395,0.06395,5.79918
27,62.82259,1.12908,1.06287,66.4685,61.54638,62.03068,62.73746,63.48955,64.16867,2.62229,14.67901,3.19877,1.79236,23.51,12.8085,13.533,14.309,15.524,16.98,4.1715,3.40044,0.3915,0.62572,5.58333,2.76406,3.01462,3.32365,3.67574,4.18555,1.42149,2.76826,0.00865,0.09319,3.56069,2.66187,2.71352,2.76483,2.8266,2.86762,0.20575,0.02704,0.00041,0.02018,0.08154,0.01068,0.0142,0.02056,0.03041,0.06593,0.05525,0.01613,0.00047,0.02175,0.09283,0,0,0,0.0318,0.04997,0.04997,6.40984
28,63.17604,2.40577,1.55147,68.39447,61.51578,62.08087,62.7948,63.83469,65.56147,4.04569,14.59227,3.6276,1.90873,22.64,12.977,13.34,14.052,15.08,16.995,4.018,2.72099,0.60599,0.77848,5.89005,2.07337,2.21601,2.50247,2.95252,3.63475,1.56138,3.81129,0.0325,0.18068,4.47268,3.61972,3.71181,3.7991,3.89769,4.02081,0.40109,0.0245,0.00021,0.0146,0.05564,0.00998,0.01408,0.01999,0.03569,0.04751,0.03754,0.02962,0.00061,0.02478,0.12283,0,0.0102,0.02616,0.04489,0.06293,0.06293,7.20902
29,62.85255,9.20716,3.03514,72.56094,58.98794,60.95204,62.81426,64.42014,66.79911,7.81116,14.02538,16.81467,4.1094,37.27,9.8435,11.374,13.082,15.742,18.57,8.7265,5.29732,2.80123,1.67374,10.62184,3.51331,4.17284,5.09937,5.96632,7.84788,4.33457,3.04843,0.13214,0.36429,4.17898,2.64585,2.79411,2.97954,3.189,3.60734,0.96149,0.06198,0.00075,0.02737,0.103,0.03374,0.04481,0.06185,0.08696,0.098,0.06426,0.01429,0.00036,0.01908,0.08905,0,0,0.00527,0.02526,0.04121,0.04121,6.77869
30,62.65158,11.8866,3.44862,72.39951,57.77514,60.21962,63.01457,64.94802,66.35835,8.58321,14.27489,18.88634,4.3552,32.73,9.8115,10.923,13.293,16.34,19.595,9.7835,5.38632,3.08119,1.75539,10.19707,3.17619,4.08074,5.37068,6.33227,7.70011,4.52391,3.15539,0.02401,0.1553,3.92106,2.96204,3.06733,3.15793,3.24858,3.3307,0.36867,0.06052,0.00074,0.02718,0.10501,0.034,0.04241,0.06173,0.08204,0.09628,0.06228,0.00901,0.00034,0.01843,0.09665,0,0,0,0.00569,0.03909,0.03909,6.85656
31,63.43898,0.49659,0.70497,66.91018,62.62037,62.87135,63.38342,63.8902,64.2779,1.65754,14.57737,0.49241,0.70626,17.12,13.774,14.088,14.5065,14.9145,15.51,1.736,2.12699,0.07653,0.27665,3.77934,1.99334,2.05139,2.10061,2.15469,2.23477,0.24143,2.08176,0.00809,0.09054,2.34202,1.97952,2.02204,2.065,2.12724,2.21867,0.23915,0.01977,0.00064,0.02534,0.09397,0.00309,0.00579,0.00835,0.01654,0.07198,0.06888,0.00508,0.00011,0.01051,0.04261,0,0,0,0,0.02318,0.02318,5.4959
32,63.49688,0.53401,0.73105,66.41231,62.68212,62.9756,63.34378,63.98332,64.37255,1.69042,14.65019,0.92792,0.96952,18.88,13.698,13.8885,14.375,15.2505,15.8405,2.1425,2.125,0.03696,0.19226,2.61132,2.01119,2.062,2.11796,2.18787,2.28144,0.27025,2.07285,0.01214,0.11089,2.62051,1.96266,1.99957,2.04735,2.11967,2.2139,0.25123,0.02091,0.00061,0.02481,0.09193,0.00482,0.00652,0.00809,0.02261,0.07177,0.06696,0.00948,0.00026,0.01627,0.05412,0,0,0,0.01927,0.03836,0.03836,3.4918
33,64.67232,2.25963,1.50379,69.23662,62.84521,63.62414,64.40366,65.73922,66.56845,3.72324,15.93829,3.04709,1.75689,19.79,13.865,14.68,15.546,17.195,18.575,4.71,2.17478,0.03614,0.19012,2.6037,2.03386,2.1066,2.18669,2.26048,2.32511,0.29125,2.31493,0.01198,0.11015,2.56068,2.19704,2.22662,2.29016,2.37357,2.49647,0.29943,0.01799,0.00046,0.02155,0.0783,0.00394,0.00495,0.00782,0.0207,0.06301,0.05907,0.02583,0.00122,0.03517,0.17518,0,0,0.01516,0.04062,0.08055,0.08055,4.37705
34,63.96371,3.20256,1.78993,72.75288,62.35965,62.87178,63.64274,64.3325,65.88322,3.52358,15.26481,4.237,2.0719,26.55,13.573,14.172,14.649,15.673,17.175,3.602,2.09158,0.06269,0.25039,3.10312,1.87886,1.97277,2.07082,2.15551,2.36104,0.48218,2.29882,0.04197,0.2062,3.07636,2.09697,2.15268,2.23996,2.41029,2.57094,0.47398,0.02012,0.00062,0.02485,0.09101,0.00395,0.00549,0.00946,0.01848,0.07116,0.06721,0.02574,0.00122,0.0352,0.148,0,0,0.01196,0.03576,0.07906,0.07906,5.09016
35,62.75613,7.07469,2.66087,72.81375,59.69076,60.41412,62.43469,64.77458,66.16388,6.47313,14.18578,9.58347,3.11576,28.48,11.189,11.779,13.721,15.932,17.655,6.466,2.5154,0.83852,0.91575,6.35931,1.88196,1.98846,2.23587,2.67415,3.48568,1.60373,2.27884,0.17822,0.42489,4.26457,2.03126,2.07196,2.10064,2.29447,2.83235,0.80109,0.0351,0.00052,0.02274,0.0854,0.00979,0.01489,0.03421,0.05124,0.06814,0.05835,0.01168,0.00034,0.01862,0.06467,0,0,0,0.02271,0.0421,0.0421,5.18033
36,63.61875,1.19428,1.09326,65.89349,62.33745,62.8463,63.59093,64.42978,65.10594,2.76849,13.72447,0.92086,0.96583,15.927,12.5195,13.0935,13.803,14.4605,14.8605,2.341,2.05706,0.02962,0.1721,2.31891,1.95936,2.00822,2.0821,2.12543,2.16187,0.20251,2.0417,0.00846,0.09259,2.2746,1.94633,1.9758,2.01429,2.10374,2.19099,0.24466,0.01603,0.00058,0.02415,0.08476,0.00253,0.00281,0.00303,0.01609,0.06606,0.06353,0.00816,0.00021,0.01449,0.0603,0,0,0,0.01484,0.03065,0.03065,5.40574
37,57.68937,89.82593,9.48136,76.94338,44.22782,49.29478,59.46113,65.6251,69.28551,25.05768,8.72699,31.68831,5.66567,24.94,3.34,4.501,6.135,12.156,15.599,12.259,1.39101,0.58834,0.76707,4.15603,0.68318,0.91966,1.1785,1.53967,2.56275,1.87957,1.98185,0.05768,0.24173,2.68505,1.77554,1.8035,1.93694,2.1381,2.30571,0.53017,0.12562,0.00758,0.08717,0.31907,0.02601,0.06964,0.09071,0.18706,0.27004,0.24403,0.0245,0.00061,0.02492,0.11792,0,0.00691,0.01951,0.03263,0.05734,0.05734,5.63525
38,61.30298,1.11332,1.05555,63.32847,59.87453,60.25372,61.44801,62.07003,62.83119,2.95666,13.01546,0.82205,0.91254,14.975,11.8665,12.3175,13.012,13.5615,14.362,2.4955,1.45751,0.01364,0.11679,1.62469,1.39243,1.42795,1.46265,1.50634,1.54821,0.15578,3.93396,0.00986,0.09995,4.12016,3.81216,3.87083,3.93679,4.00875,4.05293,0.24077,0.0159,0.00031,0.01772,0.06458,0.00581,0.00641,0.00692,0.01624,0.05321,0.0474,0.06755,0.0015,0.03901,0.21664,0.02497,0.04271,0.06562,0.09251,0.11194,0.08697,4.41393
39,63.88686,1.79488,1.34,68.13792,62.55532,63.12,63.61358,64.25175,66.14817,3.59285,16.87203,3.40762,1.85196,23.05,15.01,15.724,16.48,17.355,19.51,4.5,2.57644,0.0687,0.26212,3.16698,2.34747,2.45823,2.58594,2.7084,2.82208,0.47461,2.95477,0.0217,0.14779,3.40958,2.80755,2.84947,2.91971,3.01802,3.14699,0.33944,0.01951,0.0007,0.02643,0.09568,0.00419,0.00463,0.0064,0.01941,0.07332,0.06913,0.01641,0.00046,0.02153,0.09449,0,0,0,0.03195,0.04646,0.04646,5.7623
40,63.91819,1.7448,1.32143,71.0374,62.81393,63.14449,63.60223,64.20221,65.42366,2.60973,15.82867,2.1559,1.4778,23.17,14.6685,15.008,15.5075,16.11,16.975,2.3065,2.12436,0.03407,0.1846,2.43843,2.0034,2.0731,2.13843,2.19907,2.26747,0.26406,2.49018,0.0499,0.22482,3.74205,2.35335,2.38625,2.42966,2.51317,2.6165,0.26315,0.03069,0.001,0.0317,0.12397,0.00742,0.00929,0.0194,0.03437,0.09306,0.08564,0.01638,0.00047,0.02187,0.10205,0,0,0,0.03079,0.04613,0.04613,5.66803
41,64.25633,0.4397,0.66336,67.05856,63.50835,63.74586,64.14445,64.66077,65.06741,1.55906,15.57555,1.32449,1.15831,19.34,14.4495,14.72,15.237,16.14,17.045,2.5955,2.26182,0.07908,0.28123,3.61279,2.08499,2.15942,2.21861,2.32484,2.48638,0.40139,2.29863,0.04607,0.21603,3.10387,2.08243,2.13691,2.25623,2.39363,2.56681,0.48438,0.0196,0.00069,0.02629,0.09485,0.00407,0.00447,0.00598,0.02125,0.07246,0.06839,0.00352,0.00009,0.00978,0.03907,0,0,0,0,0.01834,0.01834,5.22541
42,63.27828,15.82044,3.97905,73.9453,57.87806,60.71458,63.34914,64.35273,69.49112,11.61305,15.03337,15.2596,3.93164,27.82,10.7335,11.864,14.8955,15.6655,20.545,9.8115,2.05309,0.11102,0.33322,2.93546,1.7187,1.82291,2.04577,2.16088,2.48799,0.76929,2.35992,0.03119,0.17776,2.95825,2.17731,2.21921,2.3318,2.44094,2.56845,0.39114,0.02748,0.0014,0.03747,0.13628,0.003,0.006,0.01001,0.02558,0.10392,0.10092,0.0323,0.00097,0.03138,0.17387,0,0,0.03432,0.04747,0.06511,0.06511,3.90164
43,64.36064,4.07249,2.01883,68.54103,61.99992,62.58384,63.92213,66.1809,67.27008,5.27017,15.89769,5.55046,2.37119,20.97,13.347,13.8715,14.9495,18.325,19.245,5.898,2.16818,0.05229,0.22867,2.58405,1.96891,2.05706,2.13266,2.31146,2.42995,0.46104,2.27942,0.04981,0.22462,3.2634,2.07225,2.17904,2.23312,2.3463,2.41185,0.3396,0.02064,0.00052,0.02276,0.07748,0.0038,0.00436,0.00678,0.03506,0.06227,0.05847,0.03175,0.00068,0.02618,0.09846,0,0,0.03299,0.05072,0.06695,0.06695,3.7623
44,61.38718,11.62566,3.41032,71.28198,57.83168,58.60468,60.51816,63.53061,66.56026,8.72858,13.19469,8.65201,2.96072,24.36,10.543,11.132,12.323,13.91,17.715,7.172,2.04215,0.12147,0.34855,3.15557,1.6767,1.7962,2.00613,2.27336,2.47199,0.79528,2.38285,0.03728,0.19434,2.96426,2.17469,2.25051,2.34673,2.48403,2.64679,0.4721,0.06965,0.00258,0.05085,0.15456,0.01118,0.02134,0.06115,0.11817,0.14946,0.13828,0.00424,0.00013,0.01157,0.05575,0,0,0,0,0.02147,0.02147,4.77869
45,61.62466,32.89606,5.73775,73.60016,53.44788,57.16121,61.8334,65.98893,69.29192,15.84403,12.17441,36.58819,6.08797,29.93,6.418,7.391,9.789,16.21,21.97,15.552,1.67226,0.11946,0.34565,2.33956,1.26734,1.39735,1.68037,1.91849,2.13875,0.8714,2.91978,0.24773,0.50094,4.18981,2.33874,2.48522,2.77969,3.33894,3.60848,1.26974,0.23534,0.01114,0.10564,0.35869,0.03139,0.17405,0.27858,0.3011,0.33243,0.30104,0.06689,0.00155,0.03958,0.19516,0.02345,0.0424,0.05713,0.08738,0.12024,0.09679,3.84016
46,58.98368,24.30536,4.93103,79.00535,54.60988,55.82238,57.39667,60.43265,65.81673,11.20686,12.41737,32.6205,5.72995,47.88,9.0155,9.675,10.645,12.5655,16.362,7.3465,1.9157,0.54671,0.73944,5.40224,1.51932,1.56087,1.6626,1.92788,2.75447,1.23515,2.81311,0.23469,0.48602,5.23906,2.41083,2.53672,2.69364,2.87727,3.37299,0.96217,0.0317,0.00048,0.02188,0.07535,0.01064,0.01421,0.02474,0.04717,0.06846,0.05781,0.04066,0.00192,0.044,0.22502,0,0,0.0359,0.06727,0.09447,0.09447,4.5123
47,62.29902,3.91234,1.97836,71.12986,60.30024,60.85101,61.95723,63.21973,64.68398,4.38374,13.5367,3.10787,1.76863,20.54,11.6255,12.1835,13.222,14.351,15.797,4.1715,3.14515,0.23697,0.48682,4.65916,2.62226,2.835,3.14528,3.39554,3.71034,1.08808,2.47198,0.00865,0.0933,2.75264,2.36886,2.40632,2.46392,2.52184,2.59631,0.22746,0.02812,0.00034,0.01832,0.06957,0.00909,0.01448,0.02311,0.03766,0.05812,0.04903,0.02744,0.00089,0.02992,0.17706,0,0,0.02385,0.0402,0.06191,0.06191,5.22541
48,63.0381,1.25582,1.12086,68.10889,62.00278,62.25167,62.54996,63.73581,64.68889,2.68611,16.20555,2.63824,1.62953,22.88,14.664,14.996,15.839,16.83,18.47,3.806,2.25796,0.13536,0.36793,3.69918,2.01773,2.05775,2.15513,2.33704,2.6199,0.60218,3.08281,0.04172,0.20492,3.91695,2.87067,2.93371,3.05294,3.17057,3.32016,0.4495,0.04099,0.00045,0.02132,0.09839,0.02331,0.02797,0.03683,0.04773,0.07518,0.05187,0.02687,0.00068,0.02607,0.10785,0,0,0.02119,0.04618,0.06342,0.06342,5.33607
49,64.64769,2.10564,1.45137,71.17867,63.64096,63.99671,64.2598,64.61345,65.57629,1.93533,16.92503,2.61812,1.62867,23.92,15.951,16.27,16.51,16.78,17.3,1.349,2.14801,0.03083,0.17559,2.39407,2.04164,2.12001,2.16567,2.22278,2.27097,0.22933,2.46811,0.01779,0.13426,3.20292,2.3691,2.4092,2.44912,2.48088,2.52583,0.15673,0.02366,0.00107,0.0328,0.12011,0.00316,0.00346,0.00813,0.0202,0.08969,0.08653,0.01972,0.00165,0.04091,0.25564,0,0,0,0.02615,0.05851,0.05851,4.58607
50,62.87095,13.14659,3.62655,73.31228,59.16984,60.2914,61.77066,64.64186,68.55654,9.38671,13.42261,12.69825,3.61129,23.46,10.016,10.9785,12.099,14.7735,19.495,9.479,2.38887,0.55714,0.74646,5.45138,1.80284,1.89883,2.10307,2.77467,3.2947,1.49186,1.71348,0.02873,0.17176,2.07141,1.53301,1.58153,1.70137,1.83665,1.97571,0.4427,0.03611,0.00059,0.02431,0.0975,0.01211,0.01673,0.0342,0.05207,0.07535,0.06324,0.00725,0.00033,0.0184,0.08631,0,0,0,0,0.02839,0.02839,4.59836
51,63.54548,4.60046,2.1453,70.95277,61.51906,62.02997,62.9552,64.42637,66.99969,5.48063,15.06334,6.37716,2.54186,26.63,12.9745,13.58,14.278,15.46,17.6,4.6255,2.1437,0.07978,0.28247,3.17022,1.94766,2.00142,2.06399,2.23104,2.52785,0.5802,2.2804,0.01407,0.1194,2.64311,2.12386,2.2021,2.27924,2.36394,2.42496,0.3011,0.03702,0.00065,0.02543,0.11065,0.01177,0.02109,0.0305,0.04735,0.07353,0.06176,0.02805,0.00086,0.02948,0.10562,0,0,0.02171,0.05286,0.07192,0.07192,3.95902
52,62.73849,6.74108,2.59738,72.5866,60.36008,61.55684,62.04007,63.54283,64.29931,3.93923,13.94899,5.79925,2.42375,22.91,11.9845,12.47,13.5275,14.4905,15.7345,3.75,1.96489,0.03283,0.18121,2.21463,1.8669,1.94143,1.99365,2.03505,2.07403,0.20713,2.2245,0.10666,0.32871,3.36117,1.96864,2.03011,2.15737,2.27924,2.40473,0.43609,0.01408,0.0004,0.02004,0.07151,0.00276,0.0034,0.00418,0.01211,0.05619,0.05343,0.02195,0.00097,0.03133,0.18941,0,0,0,0.03766,0.05739,0.05739,3.78689
53,58.30955,20.01821,4.47547,68.69493,53.26353,54.79412,57.37179,61.65402,65.56089,12.29735,11.57115,10.56839,3.25853,21.17,8.34,9.126,10.4545,12.9945,16.655,8.315,2.1562,0.51894,0.7204,4.16713,1.4741,1.63428,1.93919,2.38721,3.33414,1.86004,2.92882,0.08365,0.2899,3.62885,2.53476,2.70504,2.91877,3.13633,3.34645,0.81169,0.02334,0.00021,0.01455,0.05724,0.0044,0.01223,0.0215,0.03306,0.04581,0.04142,0.17981,0.03033,0.17457,0.67211,0.02401,0.0434,0.11108,0.26531,0.46491,0.4409,3.47131
54,58.69507,5.25165,2.29231,66.72778,56.11047,56.94961,58.37312,59.91355,61.91993,5.80946,9.47258,1.74747,1.32502,15.055,7.8695,8.5895,9.307,10.2395,10.9555,3.086,1.7664,0.10103,0.31786,2.85679,1.47917,1.56474,1.7014,1.93755,2.19954,0.72037,3.16592,0.21981,0.46994,3.9858,2.47696,2.91181,3.26057,3.50229,3.68553,1.20857,0.03109,0.00051,0.02259,0.09837,0.00979,0.01637,0.0246,0.04019,0.06305,0.05326,0.02013,0.00078,0.02806,0.14944,0,0,0,0.03368,0.0591,0.0591,4.93033
55,64.97414,1.12839,1.06254,71.05023,63.84434,64.43299,64.8447,65.36615,65.89886,2.05452,17.24488,1.33393,1.15745,22.22,15.8235,16.52,17.28,17.9,18.785,2.9615,2.287,0.03324,0.18233,2.63932,2.16633,2.22542,2.29721,2.34951,2.43953,0.2732,3.37152,0.01503,0.12286,3.73591,3.21425,3.28633,3.37711,3.45627,3.5238,0.30954,0.03575,0.00038,0.0194,0.08074,0.01788,0.02147,0.03042,0.05076,0.06556,0.04768,0.0433,0.00111,0.03333,0.35881,0.01395,0.0212,0.03666,0.06201,0.07678,0.06283,6.60656
56,64.30822,6.83517,2.61511,67.91007,60.48338,61.79782,65.21015,66.54431,67.07167,6.58829,14.94856,5.34015,2.3209,20.38,11.7125,12.5885,15.499,16.88,17.42,5.7075,2.12205,0.09388,0.30641,3.02758,1.80579,1.88714,2.14229,2.34332,2.44263,0.63684,2.19035,0.014,0.11884,2.84437,2.0642,2.11839,2.17747,2.25678,2.30194,0.23774,0.02005,0.00052,0.02283,0.08429,0.00479,0.00615,0.01125,0.01635,0.06803,0.06324,0.03827,0.00122,0.03506,0.13703,0,0,0.03557,0.06585,0.08398,0.08398,5.15984
57,61.08157,12.01145,3.46711,79.48623,59.12149,59.46052,59.92391,61.3603,63.06183,3.94034,13.846,20.00663,4.50183,46.09,11.99,12.179,12.6455,13.779,16.535,4.545,1.97457,0.08656,0.29422,3.3456,1.78708,1.85561,1.92495,2.03458,2.1899,0.40282,2.57878,0.1309,0.36415,4.74268,2.39047,2.4332,2.48053,2.57581,2.79768,0.40721,0.02876,0.0004,0.01993,0.07766,0.00375,0.00974,0.03108,0.03926,0.0608,0.05705,0.022,0.00078,0.02819,0.09189,0,0,0,0.04182,0.06398,0.06398,4.11475
58,63.05752,11.18515,3.34509,76.37482,59.59938,60.63231,62.43958,64.76396,66.70266,7.10327,15.76226,16.93226,4.14187,36.82,12.453,13.22,14.107,17.69,19.35,6.897,2.71927,0.8481,0.92097,6.48451,1.97463,2.12994,2.43011,3.02258,3.8168,1.84217,2.92146,0.09477,0.30987,4.04986,2.61132,2.66847,2.86843,3.03586,3.30908,0.69776,0.03712,0.0006,0.02446,0.09425,0.01599,0.01712,0.02945,0.05562,0.07288,0.05689,0.00741,0.00027,0.01648,0.096,0,0,0,0,0.02783,0.02783,5.56557
59,61.94337,7.96843,2.82341,71.05284,59.53987,60.02534,61.1636,62.59608,66.98178,7.44191,13.98687,8.87846,2.99921,25,11.232,12.041,13.225,14.755,18.65,7.418,1.9966,0.08033,0.28344,2.66649,1.78663,1.85792,1.94638,2.12815,2.40661,0.61998,2.40929,0.09766,0.31455,3.46125,2.05655,2.18963,2.36629,2.55469,2.79195,0.7354,0.02877,0.00052,0.02272,0.09278,0.00931,0.01159,0.02206,0.03987,0.06923,0.05992,0.01289,0.00045,0.02144,0.07378,0,0,0,0.02225,0.05055,0.05055,4.72131
60,62.29925,0.7129,0.84458,64.37614,61.35281,61.67109,62.29293,62.92896,63.42271,2.0699,14.53466,0.45871,0.67887,16.53,13.6405,14.076,14.4765,14.977,15.375,1.7345,1.93222,0.02404,0.15504,2.17732,1.81368,1.86711,1.94132,2.01083,2.0745,0.26082,2.73467,0.00785,0.0888,2.93252,2.62655,2.66955,2.73337,2.80241,2.85346,0.22691,0.0186,0.00074,0.02731,0.09739,0.00339,0.0038,0.00435,0.01772,0.07453,0.07114,0.1809,0.00235,0.04864,0.40876,0.11819,0.14812,0.18005,0.20794,0.23861,0.12042,3.7541
61,60.99704,20.39384,4.51686,72.85497,54.98507,57.41722,60.77205,64.09474,67.3805,12.39543,10.69509,19.65318,4.46226,26.57,6.686,7.559,9.23,12.598,18.135,11.449,2.61602,0.57238,0.7566,4.94349,1.70258,2.07449,2.58516,3.06947,3.62478,1.9222,1.94206,0.05183,0.22916,2.61396,1.72007,1.76997,1.88144,2.07997,2.3007,0.58062,0.30675,0.02766,0.16647,0.57198,0.06052,0.15497,0.35345,0.40791,0.5356,0.47508,0.00176,0.00003,0.00572,0.0295,0,0,0,0,0.00381,0.00381,4.69672
62,50.15022,140.27015,11.84594,77.74513,38.33691,39.94797,44.9161,60.11117,68.43179,30.09488,7.04601,58.27933,7.68415,41.62,2.4185,2.787,3.532,9.101,13.539,11.1205,1.42363,1.88067,1.37144,5.85323,0.25753,0.44591,0.9797,1.95578,3.6038,3.34628,2.59511,0.20525,0.45601,4.14981,2.21081,2.33954,2.48757,2.70144,3.09471,0.8839,0.09235,0.01268,0.1127,0.53954,0.0161,0.03201,0.05083,0.10449,0.21599,0.1999,0.00859,0.00058,0.02422,0.13953,0,0,0,0,0.03129,0.03129,3.43852
63,57.56332,16.38384,4.04851,68.06966,52.07839,54.91052,56.68385,60.41969,63.46041,11.38202,9.88597,4.78861,2.20264,18.3,7.619,8.582,9.343,10.709,12.585,4.966,1.64554,0.14797,0.38469,2.9872,1.38338,1.44267,1.51354,1.69865,2.28417,0.90079,3.21393,0.15316,0.39392,4.30732,2.74801,2.98455,3.15162,3.40165,3.6926,0.94459,0.07034,0.00154,0.0393,0.15143,0.033,0.04718,0.06009,0.0906,0.13216,0.09916,0.0353,0.00114,0.03405,0.12021,0,0,0.03058,0.06457,0.07663,0.07663,6.59836
64,63.77759,3.11241,1.76455,67.73399,61.15398,62.27331,63.69353,65.24093,65.93081,4.77683,15.5273,2.32794,1.53576,18.39,13.259,14.218,15.796,16.7,17.375,4.116,2.16513,0.06759,0.26,2.84446,1.86397,2.02615,2.21098,2.32166,2.40965,0.54567,2.32835,0.00423,0.06544,2.52433,2.25991,2.28196,2.31329,2.37221,2.42357,0.16366,0.01842,0.00061,0.02465,0.08994,0.00399,0.00481,0.007,0.01576,0.06993,0.06594,0.01571,0.00064,0.02543,0.10414,0,0,0,0.02777,0.05859,0.05859,4.38934
65,64.91698,0.8011,0.89522,67.23682,63.64481,64.46407,65.03593,65.45245,65.97856,2.33375,14.38578,0.91177,0.96113,17.93,13.4035,13.822,14.287,14.683,15.544,2.1405,1.67776,0.03254,0.18038,2.1391,1.52988,1.57827,1.65994,1.7716,1.88148,0.35159,2.52405,0.01371,0.11785,3.02607,2.41483,2.45719,2.49955,2.56521,2.64214,0.22731,0.01784,0.0004,0.0199,0.06687,0.00159,0.003,0.00886,0.02235,0.05807,0.05648,0.24353,0.00352,0.05971,0.33574,0.16606,0.23659,0.25403,0.27882,0.31152,0.14546,3.4918
66,64.83905,1.41649,1.19063,68.40165,63.49938,64.11105,64.89083,65.44538,66.34359,2.84421,17.00763,2.10425,1.45999,21.18,15.143,16.22,17.165,17.9,18.605,3.462,2.58839,0.18053,0.42491,4.01637,2.15271,2.30221,2.53673,2.85129,3.07995,0.92724,2.67027,0.06466,0.25593,3.22529,2.31087,2.4708,2.68594,2.82943,3.03272,0.72184,0.03231,0.00062,0.02496,0.09313,0.01077,0.0133,0.01983,0.05558,0.07206,0.06129,0.01298,0.00026,0.01633,0.06605,0,0,0,0.02597,0.032,0.032,4.15574
67,63.86628,6.04191,2.45852,72.16817,61.33092,61.9535,63.31702,64.84362,67.63304,6.30212,15.05073,5.82934,2.43023,25.7,12.565,13.339,14.607,15.693,18.46,5.895,1.92653,0.03261,0.18058,2.2199,1.79079,1.86884,1.94191,2.01734,2.07788,0.2871,2.267,0.04627,0.21651,3.06818,2.0184,2.10645,2.24199,2.39334,2.52914,0.51074,0.03499,0.00043,0.02072,0.09398,0.0161,0.02174,0.03046,0.04573,0.06997,0.05387,0.01933,0.00055,0.02363,0.14808,0,0,0.01314,0.03479,0.04367,0.04367,5.2541
68,63.822,8.63743,2.93954,69.46758,60.87348,61.24512,62.48186,67.13166,68.21318,7.33969,14.80906,7.02665,2.66817,20.95,12.16,12.698,13.22,17.74,18.48,6.32,2.02193,0.06013,0.24523,2.81307,1.82973,1.88593,1.95596,2.19123,2.30554,0.47581,2.08739,0.00792,0.08956,2.40013,1.99101,2.02596,2.07625,2.14368,2.18666,0.19566,0.01915,0.00078,0.02799,0.10264,0.00351,0.00426,0.00472,0.01839,0.07509,0.07158,0.0118,0.00048,0.02198,0.08109,0,0,0,0.01437,0.05283,0.05283,4.72541
69,64.51917,4.72514,2.17459,69.15117,62.48366,62.80837,64.66994,66.38197,67.17571,4.69205,15.96601,6.25781,2.51775,23.36,12.9775,14.5035,15.475,17.955,19.175,6.1975,1.99003,0.06006,0.24509,2.55031,1.69149,1.84646,1.98104,2.1168,2.33178,0.64029,2.35749,0.03453,0.18703,3.0027,2.11497,2.25854,2.36827,2.47174,2.55187,0.4369,0.0345,0.00101,0.03187,0.12496,0.00338,0.00682,0.03138,0.0439,0.09357,0.09019,0.05151,0.00079,0.02831,0.11974,0,0.03315,0.0538,0.07052,0.08057,0.08057,4.36885
70,60.64147,23.57937,4.85683,69.01442,54.48257,55.43336,61.04477,64.99817,67.10927,12.6267,12.19444,13.45064,3.6794,19.78,7.884,8.388,12.226,15.5775,16.905,9.021,1.68208,0.04358,0.20878,2.1236,1.48439,1.5363,1.64476,1.85064,1.95822,0.47383,2.21593,0.08133,0.2861,3.21732,1.90772,2.01622,2.14554,2.36781,2.60751,0.69979,0.02565,0.00059,0.02429,0.08054,0.00612,0.00754,0.01519,0.03621,0.0718,0.06567,0.09103,0.00312,0.05604,0.24081,0.02874,0.05387,0.08428,0.12299,0.16652,0.13777,4.18033
71,62.46211,5.05515,2.24882,67.92838,60.13494,60.6097,61.46383,64.31889,66.03899,5.90405,15.12658,5.73697,2.4109,21.99,12.484,13.19,14.239,17.12,18.455,5.971,2.23735,0.19089,0.43694,3.58859,1.86114,1.96888,2.08777,2.39079,2.89641,1.03527,2.61727,0.03123,0.17789,3.25534,2.42581,2.4956,2.57698,2.71559,2.87639,0.45058,0.02945,0.00079,0.02819,0.09914,0.00662,0.00787,0.0174,0.04572,0.07738,0.07076,0.01147,0.00039,0.01987,0.07314,0,0,0,0.02423,0.04444,0.04444,4.44672
72,63.29131,1.76585,1.32937,66.50471,61.88011,62.13277,62.92192,64.38285,65.33982,3.4597,16.94413,2.13164,1.46946,20.89,15.383,15.723,16.55,17.87,19.06,3.677,2.04898,0.0337,0.18358,2.35754,1.93281,1.97866,2.04237,2.13774,2.24248,0.30967,3.31781,0.01181,0.10937,3.58267,3.19186,3.23715,3.31021,3.39383,3.48306,0.2912,0.01684,0.00047,0.02179,0.07659,0.00308,0.00414,0.00612,0.01861,0.06183,0.05874,0.00779,0.00026,0.01617,0.07153,0,0,0,0,0.03318,0.03318,5.13525
73,64.3513,0.40277,0.63477,65.6073,63.47832,63.89374,64.46741,64.86369,65.06927,1.59095,16.71919,0.63006,0.79897,19.26,15.79,16.09,16.65,17.18,17.79,2,2.09315,0.03004,0.17334,2.37894,1.99766,2.05481,2.09901,2.16654,2.21717,0.21951,2.86498,0.01478,0.12236,3.26225,2.72817,2.7918,2.83174,2.91984,3.01706,0.28889,0.01974,0.00073,0.02706,0.10089,0.0036,0.00492,0.0065,0.01777,0.07359,0.07,0.01848,0.00043,0.02097,0.06912,0,0,0,0.03588,0.04598,0.04598,4.92213
74,63.86629,2.9137,1.7073,69.68827,62.06885,62.90081,63.68546,64.69112,65.55215,3.48331,15.82401,3.39653,1.85505,22.59,13.913,14.599,15.563,16.41,17.705,3.792,2.02657,0.04385,0.20943,2.38069,1.81246,1.93022,2.04835,2.14774,2.25083,0.43837,2.40538,0.04858,0.22185,2.86211,2.11359,2.2397,2.41569,2.5479,2.69529,0.5817,0.02507,0.0005,0.02233,0.09075,0.00886,0.01411,0.01599,0.02521,0.06736,0.0585,0.06342,0.002,0.045,0.17774,0,0.02874,0.05746,0.09418,0.11918,0.11918,3.77459
75,63.30193,2.72487,1.6512,66.06911,61.41896,61.9616,63.46792,64.76593,65.38047,3.96151,15.1456,3.34165,1.8323,18.9,12.979,13.8465,14.999,16.615,17.475,4.496,2.19256,0.03514,0.18745,2.45829,2.0546,2.12686,2.19762,2.29607,2.37597,0.32137,2.53111,0.02645,0.16301,2.88433,2.30728,2.41269,2.5223,2.65105,2.76551,0.45822,0.01825,0.00077,0.02785,0.0989,0.00249,0.003,0.00422,0.01656,0.07564,0.07315,0.02681,0.00089,0.02993,0.12585,0,0,0.01634,0.0501,0.06159,0.06159,7.20082
76,60.73736,9.12918,3.02226,65.53381,56.34965,57.96678,60.81985,63.49927,64.80824,8.45859,12.1482,6.43636,2.54246,17.09,8.6965,9.991,11.969,14.051,15.791,7.0945,1.88144,0.05441,0.23327,2.29343,1.5946,1.74003,1.92421,2.04492,2.14167,0.54707,2.12595,0.01686,0.13011,2.46506,1.96938,2.02856,2.10986,2.18601,2.32762,0.35825,0.017,0.00063,0.02502,0.08965,0.00292,0.00361,0.00401,0.01529,0.06851,0.0656,0.0269,0.00094,0.03067,0.14963,0,0,0.0166,0.04722,0.0692,0.0692,7.19672
77,64.18163,3.43353,1.8537,72.99595,61.91958,63.15204,64.05224,64.93289,66.1707,4.25112,15.04382,2.83522,1.69471,19.08,12.746,13.689,15.062,16.116,17.165,4.419,2.19554,0.099,0.31465,3.56851,1.87551,2.00125,2.21133,2.32172,2.47345,0.59794,2.24499,0.01795,0.13485,2.62076,2.09328,2.14739,2.2248,2.34137,2.40483,0.31155,0.02332,0.00048,0.0219,0.08762,0.0074,0.00977,0.01564,0.02153,0.06732,0.05992,0.00442,0.00021,0.0145,0.09484,0,0,0,0,0.0161,0.0161,5.15574
78,60.36956,34.7583,5.89792,70.6492,53.09814,54.92591,60.26981,65.77781,69.38424,16.2861,13.47881,27.80932,5.30759,24.28,7.5775,9.3405,12.1455,17.37,22.46,14.8825,1.93265,0.18986,0.43575,2.74177,1.46998,1.55903,1.86703,2.31706,2.5953,1.12532,2.43074,0.1196,0.34806,3.38246,2.096,2.16146,2.29368,2.60614,3.06136,0.96536,0.01809,0.00044,0.02111,0.07704,0.00436,0.00618,0.00777,0.02019,0.06139,0.05703,0.02821,0.00054,0.02333,0.09036,0,0,0.03064,0.04546,0.0567,0.0567,4.44672
79,63.60349,0.29652,0.54465,65.72655,62.96105,63.2411,63.52017,63.91679,64.28665,1.32561,14.84529,0.68851,0.83521,17.02,13.801,14.129,14.935,15.387,15.884,2.083,2.06608,0.03232,0.17977,2.43471,1.9558,2.00219,2.07517,2.14818,2.20155,0.24576,2.17046,0.01119,0.10647,2.40041,2.01828,2.07886,2.17381,2.25131,2.31157,0.2933,0.02524,0.00069,0.02635,0.10288,0.00662,0.01001,0.015,0.02036,0.07839,0.07177,0.06866,0.00095,0.03105,0.13907,0.02453,0.05248,0.07045,0.08739,0.10768,0.08315,3.62705
80,62.72917,18.50185,4.30253,73.09112,57.52362,59.32059,62.03001,65.98382,69.34705,11.82343,14.62678,20.78616,4.569,30.22,9.6355,11.172,13.534,16.78,22.05,12.4145,2.74957,0.56231,0.7499,4.96467,2.00595,2.16417,2.46156,3.32002,3.8329,1.82694,2.72663,0.1096,0.33177,3.99592,2.2918,2.46919,2.71893,2.91249,3.18042,0.88863,0.02308,0.00038,0.01962,0.07686,0.00859,0.01008,0.01594,0.02446,0.063,0.0544,0.02584,0.00073,0.02711,0.13064,0,0,0.02206,0.04169,0.0615,0.0615,7.57377
81,63.67776,9.3005,3.05028,68.90902,59.32541,60.83388,63.39218,66.66382,67.49533,8.16993,14.71222,5.18871,2.29281,20.05,11.699,13.097,14.333,16.53,17.83,6.131,2.10886,0.07908,0.28123,2.69161,1.82128,1.89146,2.14018,2.3011,2.40804,0.58676,2.35564,0.07958,0.28395,3.35719,2.11435,2.1808,2.27979,2.41891,2.76495,0.6506,0.02443,0.00072,0.02684,0.10151,0.00746,0.00919,0.01107,0.02718,0.0697,0.06224,0.03463,0.00076,0.02767,0.11166,0,0,0.03425,0.05437,0.07128,0.07128,4.37705
82,63.29483,4.8831,2.21022,68.93364,60.17035,61.4664,63.55796,64.93642,65.9798,5.80945,13.90514,4.31246,2.09026,22.84,11.54,12.446,13.839,14.877,16.185,4.645,2.02066,0.1498,0.38707,3.40958,1.71547,1.78059,1.89453,2.18428,2.55164,0.83616,2.11685,0.04919,0.22325,2.79965,1.86775,1.96519,2.07787,2.23006,2.3944,0.52665,0.02901,0.00054,0.02317,0.09485,0.00846,0.01481,0.02182,0.03174,0.07432,0.06586,0.07918,0.00333,0.05806,0.21595,0,0.03147,0.07278,0.12333,0.14858,0.14858,4.21311
83,63.90276,2.50417,1.58277,68.66532,62.12462,62.72562,63.50389,65.10709,66.28347,4.15885,16.14553,1.41538,1.1975,19.56,14.7275,15.208,16.03,17.05,17.705,2.9775,2.11045,0.03332,0.18255,2.39331,1.97623,2.05342,2.12664,2.19556,2.24955,0.27332,2.56731,0.01772,0.134,3.01884,2.42197,2.45898,2.55911,2.61946,2.73485,0.31288,0.02241,0.0007,0.02649,0.10218,0.00651,0.00794,0.00967,0.02265,0.0758,0.06929,0.02446,0.0007,0.02661,0.11094,0,0,0.02622,0.04394,0.05603,0.05603,5.40164
