index,score,leq_mean,leq_var,leq_std,leq_max,leq_10,leq_25,leq_median,leq_75,leq_90,leq_10-leq_90,loudness_mean,loudness_var,loudness_std,loudness_max,loudness_10,loudness_25,loudness_median,loudness_75,loudness_90,loudness_10-loudness_90,roughness_mean,roughness_var,roughness_std,roughness_max,roughness_10,roughness_25,roughness_median,roughness_75,roughness_90,roughness_10-roughness_90,sharpness_mean,sharpness_var,sharpness_std,sharpness_max,sharpness_10,sharpness_25,sharpness_median,sharpness_75,sharpness_90,sharpness_10-sharpness_90,fluct_mean,fluct_var,fluct_std,fluct_max,fluct_10,fluct_25,fluct_median,fluct_75,fluct_90,fluct_10-fluct_90,tonality_mean,tonality_var,tonality_std,tonality_max,tonality_10,tonality_25,tonality_median,tonality_75,tonality_90,tonality_10-tonality_90
1,5.95492,64.66645,2.44902,1.56539,68.81651,62.72838,63.35437,64.54813,65.57262,66.87221,4.14383,17.7549,3.47748,1.86917,24.16,15.7515,16.255,17.285,18.91,20.195,4.4435,2.17955,0.05929,0.2435,3.26228,2.00974,2.06428,2.14585,2.26376,2.38926,0.37952,3.4183,0.04768,0.21886,4.17458,3.14906,3.27257,3.39873,3.52482,3.71207,0.56301,0.02187,0.00049,0.02207,0.08353,0.00515,0.00783,0.01473,0.01984,0.06786,0.06271,0.05675,0.00173,0.0417,0.18551,0,0.02823,0.05316,0.08016,0.11041,0.11041
2,4.87705,64.46865,4.52177,2.12706,68.13405,61.90404,63.42707,64.53042,65.95546,67.27144,5.3674,15.93369,4.05278,2.01787,21.84,13.4955,14.9885,16.105,17.095,18.195,4.6995,2.34253,0.08674,0.29453,2.9458,2.05411,2.16803,2.35296,2.57211,2.6404,0.58629,2.59361,0.02197,0.14856,2.96436,2.40017,2.48876,2.60305,2.71531,2.77142,0.37124,0.01954,0.00053,0.02314,0.08714,0.00503,0.0068,0.00986,0.01506,0.06792,0.0629,0.07857,0.00148,0.0386,0.22389,0.03691,0.05377,0.07142,0.09646,0.12822,0.09131
3,4.53279,62.65053,7.38417,2.71845,73.26871,59.66847,60.37409,62.2064,64.26367,66.67391,7.00544,14.61514,5.81866,2.4278,21.82,12.253,12.6235,14.123,15.6805,18.03,5.777,2.02092,0.06734,0.2595,2.55899,1.78612,1.87404,2.02241,2.15831,2.31495,0.52883,2.43511,0.02169,0.14823,2.80938,2.29563,2.33812,2.39759,2.46794,2.70949,0.41386,0.02493,0.00099,0.03142,0.10908,0.00339,0.00583,0.00735,0.03699,0.0789,0.07551,0.03378,0.00086,0.0296,0.09787,0,0,0.03544,0.05589,0.07545,0.07545
4,4.97951,64.14055,7.16172,2.67668,70.41818,60.83742,62.631,63.85893,65.68914,67.91712,7.07971,14.42197,5.5379,2.36871,20.61,11.586,12.997,14.036,15.691,17.32,5.734,1.80561,0.07232,0.26894,2.78202,1.51815,1.64876,1.81168,1.94465,2.07212,0.55397,2.26955,0.06774,0.26197,2.77669,1.88196,2.12405,2.27903,2.47014,2.58911,0.70715,0.06619,0.0006,0.02455,0.12029,0.04797,0.05699,0.06786,0.07799,0.09109,0.04313,0.07578,0.00292,0.05435,0.24121,0,0.03825,0.06447,0.11175,0.14294,0.14294
5,6.12295,64.21175,7.04826,2.65563,68.95757,60.96865,61.74495,63.99769,66.86936,67.51131,6.54266,16.29315,9.65347,3.11429,22.65,12.744,13.519,15.6545,19.235,20.55,7.806,2.25994,0.0842,0.29018,2.74414,1.96331,2.04924,2.20169,2.52397,2.60876,0.64545,2.68957,0.05556,0.23626,3.28861,2.41235,2.48971,2.62854,2.89199,3.01926,0.60691,0.02198,0.00063,0.02504,0.09366,0.00616,0.00847,0.01029,0.0231,0.07314,0.06698,0.03665,0.00264,0.05147,0.41853,0,0,0.02797,0.05282,0.08091,0.08091
6,5.52049,63.0048,18.96878,4.35658,71.86249,56.86812,59.15018,63.38451,65.9743,69.3066,12.43849,13.41019,9.61724,3.10844,21.1,9.8405,10.7665,12.5745,15.3815,18.45,8.6095,1.95413,0.09332,0.3055,2.60061,1.62293,1.72269,1.93306,2.11898,2.42583,0.8029,2.32214,0.03095,0.17634,2.75983,2.09014,2.18418,2.3204,2.45648,2.56125,0.47111,0.0362,0.0012,0.03461,0.13938,0.01337,0.01629,0.02151,0.03824,0.10294,0.08957,0.02511,0.00086,0.02942,0.13673,0,0,0.01779,0.0445,0.06872,0.06872
7,5.96311,63.08474,0.28492,0.53393,64.97421,62.55001,62.74547,62.97816,63.31137,63.86917,1.31915,15.57728,0.59692,0.77442,18.83,14.718,15.1375,15.4155,16.0015,16.48,1.762,2.13409,0.03445,0.1856,2.71834,2.00694,2.06863,2.12706,2.19907,2.29779,0.29085,3.53939,0.0128,0.11342,3.959,3.39383,3.45572,3.53974,3.62768,3.68747,0.29363,0.01478,0.00031,0.01752,0.06349,0.00494,0.00537,0.00667,0.01228,0.05249,0.04755,0.02255,0.00063,0.02522,0.09666,0,0,0.01598,0.04169,0.05907,0.05907
8,5.89754,64.4652,3.80047,1.95005,70.68342,62.70683,63.09469,63.77281,65.14159,67.49532,4.78849,17.15998,7.01934,2.65562,27.48,14.8405,15.384,16.235,17.915,21.11,6.2695,2.4877,0.16295,0.40368,3.71242,2.14946,2.24288,2.42093,2.63087,3.01852,0.86906,3.22409,0.01935,0.13942,3.79082,3.06876,3.14773,3.2148,3.28121,3.374,0.30523,0.01626,0.00033,0.01806,0.06654,0.00586,0.0066,0.00781,0.01198,0.0552,0.04934,0.02161,0.00051,0.02254,0.09767,0,0,0.02005,0.03813,0.05163,0.05163
9,4.79508,64.522,3.75489,1.93832,70.39539,62.23158,63.09156,64.24442,65.76459,67.20559,4.97401,16.37219,5.46083,2.34232,27.05,13.967,14.896,15.841,17.3,19.685,5.718,2.92912,0.87002,0.93278,5.29024,2.15432,2.28309,2.45865,3.56517,4.39863,2.24432,2.71368,0.04171,0.20472,3.42727,2.4792,2.5994,2.69396,2.82943,2.95499,0.47579,0.02515,0.00023,0.01512,0.06081,0.0119,0.01606,0.02112,0.0295,0.05397,0.04207,0.02473,0.0007,0.02645,0.12838,0,0,0.01994,0.04301,0.06207,0.06207
10,6.67213,64.72696,2.35864,1.53623,69.71812,62.91549,63.38778,64.63203,65.84231,66.61234,3.69685,15.78187,1.87113,1.3711,20.16,14.3085,14.6905,15.658,16.515,17.76,3.4515,1.84579,0.02141,0.14634,2.09623,1.74805,1.7912,1.84932,1.92085,1.96242,0.21437,4.26977,0.06597,0.25746,5.02189,3.95477,4.08972,4.25024,4.43871,4.59336,0.63859,0.02368,0.00043,0.02069,0.07647,0.00491,0.00701,0.01647,0.03294,0.063,0.05808,0.03309,0.0009,0.03015,0.14705,0,0,0.03078,0.05272,0.07101,0.07101
11,4.27869,61.23692,44.10798,6.64316,71.18963,51.96243,53.41866,62.99888,66.91633,69.25531,17.29289,15.13786,34.73285,5.90615,28.01,7.58,8.684,15.357,19.61,23.005,15.425,1.93496,0.31321,0.55967,2.8896,1.25035,1.35715,2.03909,2.42678,2.59709,1.34674,2.95666,0.07418,0.27295,3.50472,2.63916,2.7118,2.90399,3.15624,3.38779,0.74862,0.0316,0.00082,0.02874,0.09511,0.00414,0.00671,0.02128,0.0501,0.08163,0.07749,0.06435,0.00191,0.04376,0.20612,0,0.03708,0.06193,0.08832,0.12521,0.12521
12,6.85656,63.51456,18.20207,4.26763,69.48212,56.66547,61.3596,64.32777,66.62466,68.69561,12.03014,16.28868,16.7367,4.10064,24.17,9.9875,13.8155,16.8,19.095,22.19,12.2025,2.17022,0.10484,0.32381,2.77256,1.75845,1.96375,2.17696,2.40644,2.58938,0.83093,2.82447,0.028,0.16772,3.17923,2.60614,2.71234,2.81235,2.94834,3.05886,0.45272,0.02216,0.00103,0.03211,0.11525,0.00354,0.00428,0.00622,0.02103,0.08793,0.08439,0.02061,0.0006,0.02461,0.14664,0,0,0.01125,0.03645,0.0535,0.0535
13,3.63934,59.64055,34.98844,5.91742,74.63647,55.6572,55.96216,56.42405,61.41411,71.25671,15.59951,11.29426,26.35358,5.1668,25.93,8.3085,8.551,8.9665,10.3865,21.7,13.3915,1.6195,0.03226,0.17962,1.98009,1.493,1.5466,1.58696,1.67248,1.85632,0.36332,2.19387,0.49008,0.70459,3.99097,1.73744,1.77051,1.8638,2.13893,3.68442,1.94699,0.03664,0.00055,0.02342,0.08057,0.00565,0.01687,0.03378,0.05844,0.06771,0.06206,0.04229,0.00543,0.07419,0.3132,0,0,0,0.04715,0.16979,0.16979
14,4.62705,64.45858,2.50058,1.58164,70.43453,62.89075,63.37064,64.02426,65.122,66.76558,3.87483,15.79612,3.22101,1.80649,21.97,13.801,14.512,15.44,16.47,18.305,4.504,2.41275,0.18422,0.42923,3.69675,2.05111,2.14403,2.31755,2.65777,3.05128,1.00017,2.21477,0.04379,0.21064,2.94037,1.97739,2.0929,2.1625,2.31976,2.47579,0.4984,0.02658,0.00054,0.02321,0.09551,0.01155,0.01299,0.01819,0.02681,0.07366,0.06212,0.0067,0.00024,0.01573,0.06273,0,0,0,0,0.03426,0.03426
15,5.70902,64.10071,6.69097,2.58744,73.0666,61.29399,61.83543,63.56025,65.9721,67.48188,6.18789,14.96074,3.72942,1.9357,23.98,12.9235,13.4895,14.6965,16.17,17.81,4.8865,2.65881,0.22049,0.46958,5.17701,2.31663,2.41427,2.62851,2.76892,3.05449,0.73786,2.55206,0.04938,0.22274,3.28173,2.27411,2.44797,2.58371,2.70894,2.76824,0.49413,0.03172,0.00036,0.01905,0.07958,0.01304,0.0181,0.02963,0.04374,0.06079,0.04775,0.03343,0.00207,0.04559,0.25919,0,0,0.02013,0.04649,0.08649,0.08649
16,5.52459,64.58094,2.18867,1.47985,68.10262,62.75479,63.40854,64.55462,65.76079,66.52879,3.774,16.48329,2.59829,1.6157,21.44,14.511,15.236,16.27,17.51,18.89,4.379,2.24596,0.05677,0.23828,3.0403,2.05319,2.13426,2.23939,2.32739,2.50699,0.4538,2.63629,0.02064,0.14401,3.07399,2.44335,2.53736,2.64228,2.7339,2.79144,0.34809,0.02955,0.0006,0.0246,0.10178,0.01033,0.01527,0.0211,0.03049,0.07732,0.06699,0.02543,0.00068,0.02621,0.10171,0,0,0.02048,0.04479,0.06064,0.06064
17,5.90984,64.4745,3.26075,1.80628,70.03786,62.31467,63.24635,64.28907,65.62183,66.56301,4.24835,12.75038,2.65735,1.63396,17.31,10.7935,11.628,12.545,13.7915,15.0395,4.246,1.90491,0.03899,0.19747,2.26029,1.75204,1.8066,1.92083,2.0211,2.08183,0.32979,1.71327,0.01368,0.11724,2.06724,1.5488,1.64089,1.71869,1.78419,1.87744,0.32864,0.0272,0.00097,0.03113,0.1172,0.00646,0.00969,0.01361,0.02596,0.09031,0.08385,0.02371,0.00088,0.02968,0.13562,0,0,0,0.04028,0.06786,0.06786
18,5.28279,59.7739,41.4303,6.43836,73.24275,53.58591,54.34579,56.89229,64.42435,71.17445,17.58854,13.70229,36.14892,6.02534,30.58,8.5495,9.042,10.975,16.65,24.295,15.7455,1.89088,0.33254,0.57668,3.11978,1.34113,1.43916,1.63944,2.32508,2.88396,1.54283,3.04872,0.04273,0.20717,3.48496,2.76531,2.85536,3.09243,3.22393,3.29251,0.5272,0.0113,0.00023,0.01502,0.05372,0.00186,0.00195,0.00513,0.01021,0.04296,0.0411,0.10774,0.00111,0.03334,0.21841,0.06426,0.08175,0.10407,0.13126,0.15044,0.08618
19,6.33607,58.08885,0.02956,0.17198,58.63094,57.87506,57.96496,58.08529,58.20617,58.30715,0.43209,5.54472,0.06939,0.26399,6.66,5.299,5.392,5.495,5.619,5.798,0.499,0.28804,0.00106,0.03261,0.39215,0.25436,0.27073,0.2875,0.30295,0.32234,0.06799,5.59169,0.02636,0.16269,5.78756,5.39582,5.57937,5.63943,5.67217,5.71555,0.31974,0.00723,0.00014,0.0119,0.03997,0.00046,0.00053,0.00071,0.00779,0.03084,0.03038,0.02395,0.00223,0.04737,0.21179,0,0,0,0.02973,0.08832,0.08832
20,6.28689,63.70528,1.8069,1.34457,69.31062,61.92951,62.94139,63.58206,64.44339,65.23948,3.30997,14.16094,2.66752,1.63677,21.29,12.6845,13.128,13.838,14.663,16.0255,3.341,2.28332,0.30915,0.55603,4.36129,1.8074,1.94303,2.15373,2.47958,2.92754,1.12015,4.24,0.05807,0.24149,4.76698,3.92996,4.05631,4.26909,4.41841,4.53693,0.60697,0.02901,0.00022,0.01499,0.06691,0.01775,0.01979,0.02406,0.03951,0.05224,0.03449,0.05293,0.00096,0.03102,0.17002,0.01275,0.03418,0.05216,0.06644,0.08977,0.07702
21,5.27459,64.90539,0.39752,0.63066,67.04787,64.26742,64.47717,64.7725,65.0729,65.96292,1.6955,17.92815,0.864,0.93151,22.01,16.915,17.21,17.7,18.42,19.215,2.3,2.17134,0.03853,0.1963,2.74884,2.03241,2.0928,2.16932,2.27582,2.33918,0.30678,3.62063,0.01034,0.1019,4.11478,3.50141,3.55651,3.61424,3.67856,3.73812,0.23671,0.01793,0.00076,0.02756,0.09802,0.00264,0.00324,0.00394,0.01571,0.07502,0.07238,0.05069,0.0011,0.03328,0.16313,0,0.02774,0.04832,0.07147,0.09432,0.09432
22,6.03279,64.3861,0.36242,0.60217,66.98875,63.62964,63.92008,64.37119,64.76349,65.15393,1.52428,17.29376,1.07411,1.03862,22.28,16.195,16.56,17.19,17.95,18.51,2.315,2.33593,0.03478,0.18651,2.67734,2.22854,2.28385,2.33854,2.40823,2.48452,0.25598,3.63641,0.02297,0.15189,3.99316,3.43817,3.52131,3.63746,3.74568,3.83988,0.40172,0.02606,0.00055,0.02337,0.09305,0.00867,0.0115,0.01798,0.025,0.07361,0.06494,0.04288,0.00099,0.03148,0.13861,0,0.01929,0.04088,0.06405,0.08802,0.08802
23,5.28279,64.2174,6.38042,2.52662,69.30201,61.14665,62.24769,63.31508,66.7948,67.86041,6.71375,16.785,5.97647,2.45529,21.98,14.0745,14.839,15.8495,19.05,20.43,6.3555,2.19099,0.06249,0.24998,2.62761,1.97744,2.0445,2.19183,2.37681,2.47382,0.49638,3.00998,0.10739,0.32913,3.77535,2.62967,2.77868,2.90832,3.26761,3.50932,0.87965,0.0154,0.00048,0.02203,0.07843,0.0029,0.00336,0.00472,0.01279,0.06184,0.05894,0.02731,0.00024,0.01542,0.07612,0.01017,0.01704,0.02348,0.03581,0.04796,0.03779
24,5.02049,64.67552,2.58651,1.60859,70.4167,62.69191,63.45526,64.5965,65.73374,66.75498,4.06307,16.36245,4.70437,2.18318,21.86,13.9275,14.529,16.1,17.63,19.585,5.6575,2.17235,0.05045,0.22462,2.83121,2.01064,2.0668,2.14772,2.2548,2.37721,0.36658,2.3505,0.06946,0.26527,3.31098,2.07693,2.16307,2.29065,2.48742,2.66023,0.5833,0.03284,0.00049,0.02214,0.09637,0.01831,0.0214,0.02583,0.03092,0.07667,0.05836,0.0093,0.00019,0.01373,0.04581,0,0,0,0.02246,0.02746,0.02746
25,2.86885,60.32652,57.81632,7.60668,72.056,48.39807,52.57789,62.58078,66.49463,68.89167,20.4936,12.12527,29.2478,5.44313,22.99,5.6185,6.7815,12.337,15.8835,21.335,15.7165,1.17453,0.06893,0.26256,1.82775,0.78133,1.0148,1.22413,1.34717,1.46143,0.6801,2.56422,0.29277,0.54459,3.98562,2.07481,2.2095,2.31731,2.77552,3.39322,1.31841,0.04687,0.00086,0.02936,0.09938,0.00901,0.02328,0.04048,0.07611,0.08862,0.07961,0.24938,0.05429,0.23451,0.69649,0,0.02412,0.17133,0.45643,0.63231,0.63231
26,5.79918,63.56576,0.54543,0.73873,66.24591,62.75589,63.04314,63.42692,63.9973,64.63023,1.87434,16.38419,1.40049,1.18597,22.51,15.317,15.612,16.07,16.82,17.91,2.593,2.65299,0.25394,0.50394,4.32238,2.18963,2.30671,2.55086,2.89353,3.3458,1.15617,3.13362,0.0033,0.05759,3.43788,3.07149,3.09761,3.13025,3.16236,3.20201,0.13052,0.01657,0.0005,0.02239,0.08034,0.00265,0.00393,0.00569,0.01586,0.06308,0.06043,0.02773,0.0008,0.02827,0.11887,0,0,0.02775,0.04633,0.06395,0.06395
27,6.40984,62.82259,1.12908,1.06287,66.4685,61.54638,62.03068,62.73746,63.48955,64.16867,2.62229,14.67901,3.19877,1.79236,23.51,12.8085,13.533,14.309,15.524,16.98,4.1715,3.40044,0.3915,0.62572,5.58333,2.76406,3.01462,3.32365,3.67574,4.18555,1.42149,2.76826,0.00865,0.09319,3.56069,2.66187,2.71352,2.76483,2.8266,2.86762,0.20575,0.02704,0.00041,0.02018,0.08154,0.01068,0.0142,0.02056,0.03041,0.06593,0.05525,0.01613,0.00047,0.02175,0.09283,0,0,0,0.0318,0.04997,0.04997
28,7.20902,63.17604,2.40577,1.55147,68.39447,61.51578,62.08087,62.7948,63.83469,65.56147,4.04569,14.59227,3.6276,1.90873,22.64,12.977,13.34,14.052,15.08,16.995,4.018,2.72099,0.60599,0.77848,5.89005,2.07337,2.21601,2.50247,2.95252,3.63475,1.56138,3.81129,0.0325,0.18068,4.47268,3.61972,3.71181,3.7991,3.89769,4.02081,0.40109,0.0245,0.00021,0.0146,0.05564,0.00998,0.01408,0.01999,0.03569,0.04751,0.03754,0.02962,0.00061,0.02478,0.12283,0,0.0102,0.02616,0.04489,0.06293,0.06293
29,6.77869,62.85255,9.20716,3.03514,72.56094,58.98794,60.95204,62.81426,64.42014,66.79911,7.81116,14.02538,16.81467,4.1094,37.27,9.8435,11.374,13.082,15.742,18.57,8.7265,5.29732,2.80123,1.67374,10.62184,3.51331,4.17284,5.09937,5.96632,7.84788,4.33457,3.04843,0.13214,0.36429,4.17898,2.64585,2.79411,2.97954,3.189,3.60734,0.96149,0.06198,0.00075,0.02737,0.103,0.03374,0.04481,0.06185,0.08696,0.098,0.06426,0.01429,0.00036,0.01908,0.08905,0,0,0.00527,0.02526,0.04121,0.04121
30,6.85656,62.65158,11.8866,3.44862,72.39951,57.77514,60.21962,63.01457,64.94802,66.35835,8.58321,14.27489,18.88634,4.3552,32.73,9.8115,10.923,13.293,16.34,19.595,9.7835,5.38632,3.08119,1.75539,10.19707,3.17619,4.08074,5.37068,6.33227,7.70011,4.52391,3.15539,0.02401,0.1553,3.92106,2.96204,3.06733,3.15793,3.24858,3.3307,0.36867,0.06052,0.00074,0.02718,0.10501,0.034,0.04241,0.06173,0.08204,0.09628,0.06228,0.00901,0.00034,0.01843,0.09665,0,0,0,0.00569,0.03909,0.03909
31,5.4959,63.43898,0.49659,0.70497,66.91018,62.62037,62.87135,63.38342,63.8902,64.2779,1.65754,14.57737,0.49241,0.70626,17.12,13.774,14.088,14.5065,14.9145,15.51,1.736,2.12699,0.07653,0.27665,3.77934,1.99334,2.05139,2.10061,2.15469,2.23477,0.24143,2.08176,0.00809,0.09054,2.34202,1.97952,2.02204,2.065,2.12724,2.21867,0.23915,0.01977,0.00064,0.02534,0.09397,0.00309,0.00579,0.00835,0.01654,0.07198,0.06888,0.00508,0.00011,0.01051,0.04261,0,0,0,0,0.02318,0.02318
32,3.4918,63.49688,0.53401,0.73105,66.41231,62.68212,62.9756,63.34378,63.98332,64.37255,1.69042,14.65019,0.92792,0.96952,18.88,13.698,13.8885,14.375,15.2505,15.8405,2.1425,2.125,0.03696,0.19226,2.61132,2.01119,2.062,2.11796,2.18787,2.28144,0.27025,2.07285,0.01214,0.11089,2.62051,1.96266,1.99957,2.04735,2.11967,2.2139,0.25123,0.02091,0.00061,0.02481,0.09193,0.00482,0.00652,0.00809,0.02261,0.07177,0.06696,0.00948,0.00026,0.01627,0.05412,0,0,0,0.01927,0.03836,0.03836
33,4.37705,64.67232,2.25963,1.50379,69.23662,62.84521,63.62414,64.40366,65.73922,66.56845,3.72324,15.93829,3.04709,1.75689,19.79,13.865,14.68,15.546,17.195,18.575,4.71,2.17478,0.03614,0.19012,2.6037,2.03386,2.1066,2.18669,2.26048,2.32511,0.29125,2.31493,0.01198,0.11015,2.56068,2.19704,2.22662,2.29016,2.37357,2.49647,0.29943,0.01799,0.00046,0.02155,0.0783,0.00394,0.00495,0.00782,0.0207,0.06301,0.05907,0.02583,0.00122,0.03517,0.17518,0,0,0.01516,0.04062,0.08055,0.08055
34,5.09016,63.96371,3.20256,1.78993,72.75288,62.35965,62.87178,63.64274,64.3325,65.88322,3.52358,15.26481,4.237,2.0719,26.55,13.573,14.172,14.649,15.673,17.175,3.602,2.09158,0.06269,0.25039,3.10312,1.87886,1.97277,2.07082,2.15551,2.36104,0.48218,2.29882,0.04197,0.2062,3.07636,2.09697,2.15268,2.23996,2.41029,2.57094,0.47398,0.02012,0.00062,0.02485,0.09101,0.00395,0.00549,0.00946,0.01848,0.07116,0.06721,0.02574,0.00122,0.0352,0.148,0,0,0.01196,0.03576,0.07906,0.07906
35,5.18033,62.75613,7.07469,2.66087,72.81375,59.69076,60.41412,62.43469,64.77458,66.16388,6.47313,14.18578,9.58347,3.11576,28.48,11.189,11.779,13.721,15.932,17.655,6.466,2.5154,0.83852,0.91575,6.35931,1.88196,1.98846,2.23587,2.67415,3.48568,1.60373,2.27884,0.17822,0.42489,4.26457,2.03126,2.07196,2.10064,2.29447,2.83235,0.80109,0.0351,0.00052,0.02274,0.0854,0.00979,0.01489,0.03421,0.05124,0.06814,0.05835,0.01168,0.00034,0.01862,0.06467,0,0,0,0.02271,0.0421,0.0421
36,5.40574,63.61875,1.19428,1.09326,65.89349,62.33745,62.8463,63.59093,64.42978,65.10594,2.76849,13.72447,0.92086,0.96583,15.927,12.5195,13.0935,13.803,14.4605,14.8605,2.341,2.05706,0.02962,0.1721,2.31891,1.95936,2.00822,2.0821,2.12543,2.16187,0.20251,2.0417,0.00846,0.09259,2.2746,1.94633,1.9758,2.01429,2.10374,2.19099,0.24466,0.01603,0.00058,0.02415,0.08476,0.00253,0.00281,0.00303,0.01609,0.06606,0.06353,0.00816,0.00021,0.01449,0.0603,0,0,0,0.01484,0.03065,0.03065
37,5.63525,57.68937,89.82593,9.48136,76.94338,44.22782,49.29478,59.46113,65.6251,69.28551,25.05768,8.72699,31.68831,5.66567,24.94,3.34,4.501,6.135,12.156,15.599,12.259,1.39101,0.58834,0.76707,4.15603,0.68318,0.91966,1.1785,1.53967,2.56275,1.87957,1.98185,0.05768,0.24173,2.68505,1.77554,1.8035,1.93694,2.1381,2.30571,0.53017,0.12562,0.00758,0.08717,0.31907,0.02601,0.06964,0.09071,0.18706,0.27004,0.24403,0.0245,0.00061,0.02492,0.11792,0,0.00691,0.01951,0.03263,0.05734,0.05734
38,4.41393,61.30298,1.11332,1.05555,63.32847,59.87453,60.25372,61.44801,62.07003,62.83119,2.95666,13.01546,0.82205,0.91254,14.975,11.8665,12.3175,13.012,13.5615,14.362,2.4955,1.45751,0.01364,0.11679,1.62469,1.39243,1.42795,1.46265,1.50634,1.54821,0.15578,3.93396,0.00986,0.09995,4.12016,3.81216,3.87083,3.93679,4.00875,4.05293,0.24077,0.0159,0.00031,0.01772,0.06458,0.00581,0.00641,0.00692,0.01624,0.05321,0.0474,0.06755,0.0015,0.03901,0.21664,0.02497,0.04271,0.06562,0.09251,0.11194,0.08697
39,5.7623,63.88686,1.79488,1.34,68.13792,62.55532,63.12,63.61358,64.25175,66.14817,3.59285,16.87203,3.40762,1.85196,23.05,15.01,15.724,16.48,17.355,19.51,4.5,2.57644,0.0687,0.26212,3.16698,2.34747,2.45823,2.58594,2.7084,2.82208,0.47461,2.95477,0.0217,0.14779,3.40958,2.80755,2.84947,2.91971,3.01802,3.14699,0.33944,0.01951,0.0007,0.02643,0.09568,0.00419,0.00463,0.0064,0.01941,0.07332,0.06913,0.01641,0.00046,0.02153,0.09449,0,0,0,0.03195,0.04646,0.04646
40,5.66803,63.91819,1.7448,1.32143,71.0374,62.81393,63.14449,63.60223,64.20221,65.42366,2.60973,15.82867,2.1559,1.4778,23.17,14.6685,15.008,15.5075,16.11,16.975,2.3065,2.12436,0.03407,0.1846,2.43843,2.0034,2.0731,2.13843,2.19907,2.26747,0.26406,2.49018,0.0499,0.22482,3.74205,2.35335,2.38625,2.42966,2.51317,2.6165,0.26315,0.03069,0.001,0.0317,0.12397,0.00742,0.00929,0.0194,0.03437,0.09306,0.08564,0.01638,0.00047,0.02187,0.10205,0,0,0,0.03079,0.04613,0.04613
41,5.22541,64.25633,0.4397,0.66336,67.05856,63.50835,63.74586,64.14445,64.66077,65.06741,1.55906,15.57555,1.32449,1.15831,19.34,14.4495,14.72,15.237,16.14,17.045,2.5955,2.26182,0.07908,0.28123,3.61279,2.08499,2.15942,2.21861,2.32484,2.48638,0.40139,2.29863,0.04607,0.21603,3.10387,2.08243,2.13691,2.25623,2.39363,2.56681,0.48438,0.0196,0.00069,0.02629,0.09485,0.00407,0.00447,0.00598,0.02125,0.07246,0.06839,0.00352,0.00009,0.00978,0.03907,0,0,0,0,0.01834,0.01834
42,3.90164,63.27828,15.82044,3.97905,73.9453,57.87806,60.71458,63.34914,64.35273,69.49112,11.61305,15.03337,15.2596,3.93164,27.82,10.7335,11.864,14.8955,15.6655,20.545,9.8115,2.05309,0.11102,0.33322,2.93546,1.7187,1.82291,2.04577,2.16088,2.48799,0.76929,2.35992,0.03119,0.17776,2.95825,2.17731,2.21921,2.3318,2.44094,2.56845,0.39114,0.02748,0.0014,0.03747,0.13628,0.003,0.006,0.01001,0.02558,0.10392,0.10092,0.0323,0.00097,0.03138,0.17387,0,0,0.03432,0.04747,0.06511,0.06511
43,3.7623,64.36064,4.07249,2.01883,68.54103,61.99992,62.58384,63.92213,66.1809,67.27008,5.27017,15.89769,5.55046,2.37119,20.97,13.347,13.8715,14.9495,18.325,19.245,5.898,2.16818,0.05229,0.22867,2.58405,1.96891,2.05706,2.13266,2.31146,2.42995,0.46104,2.27942,0.04981,0.22462,3.2634,2.07225,2.17904,2.23312,2.3463,2.41185,0.3396,0.02064,0.00052,0.02276,0.07748,0.0038,0.00436,0.00678,0.03506,0.06227,0.05847,0.03175,0.00068,0.02618,0.09846,0,0,0.03299,0.05072,0.06695,0.06695
44,4.77869,61.38718,11.62566,3.41032,71.28198,57.83168,58.60468,60.51816,63.53061,66.56026,8.72858,13.19469,8.65201,2.96072,24.36,10.543,11.132,12.323,13.91,17.715,7.172,2.04215,0.12147,0.34855,3.15557,1.6767,1.7962,2.00613,2.27336,2.47199,0.79528,2.38285,0.03728,0.19434,2.96426,2.17469,2.25051,2.34673,2.48403,2.64679,0.4721,0.06965,0.00258,0.05085,0.15456,0.01118,0.02134,0.06115,0.11817,0.14946,0.13828,0.00424,0.00013,0.01157,0.05575,0,0,0,0,0.02147,0.02147
45,3.84016,61.62466,32.89606,5.73775,73.60016,53.44788,57.16121,61.8334,65.98893,69.29192,15.84403,12.17441,36.58819,6.08797,29.93,6.418,7.391,9.789,16.21,21.97,15.552,1.67226,0.11946,0.34565,2.33956,1.26734,1.39735,1.68037,1.91849,2.13875,0.8714,2.91978,0.24773,0.50094,4.18981,2.33874,2.48522,2.77969,3.33894,3.60848,1.26974,0.23534,0.01114,0.10564,0.35869,0.03139,0.17405,0.27858,0.3011,0.33243,0.30104,0.06689,0.00155,0.03958,0.19516,0.02345,0.0424,0.05713,0.08738,0.12024,0.09679
46,4.5123,58.98368,24.30536,4.93103,79.00535,54.60988,55.82238,57.39667,60.43265,65.81673,11.20686,12.41737,32.6205,5.72995,47.88,9.0155,9.675,10.645,12.5655,16.362,7.3465,1.9157,0.54671,0.73944,5.40224,1.51932,1.56087,1.6626,1.92788,2.75447,1.23515,2.81311,0.23469,0.48602,5.23906,2.41083,2.53672,2.69364,2.87727,3.37299,0.96217,0.0317,0.00048,0.02188,0.07535,0.01064,0.01421,0.02474,0.04717,0.06846,0.05781,0.04066,0.00192,0.044,0.22502,0,0,0.0359,0.06727,0.09447,0.09447
47,5.22541,62.29902,3.91234,1.97836,71.12986,60.30024,60.85101,61.95723,63.21973,64.68398,4.38374,13.5367,3.10787,1.76863,20.54,11.6255,12.1835,13.222,14.351,15.797,4.1715,3.14515,0.23697,0.48682,4.65916,2.62226,2.835,3.14528,3.39554,3.71034,1.08808,2.47198,0.00865,0.0933,2.75264,2.36886,2.40632,2.46392,2.52184,2.59631,0.22746,0.02812,0.00034,0.01832,0.06957,0.00909,0.01448,0.02311,0.03766,0.05812,0.04903,0.02744,0.00089,0.02992,0.17706,0,0,0.02385,0.0402,0.06191,0.06191
48,5.33607,63.0381,1.25582,1.12086,68.10889,62.00278,62.25167,62.54996,63.73581,64.68889,2.68611,16.20555,2.63824,1.62953,22.88,14.664,14.996,15.839,16.83,18.47,3.806,2.25796,0.13536,0.36793,3.69918,2.01773,2.05775,2.15513,2.33704,2.6199,0.60218,3.08281,0.04172,0.20492,3.91695,2.87067,2.93371,3.05294,3.17057,3.32016,0.4495,0.04099,0.00045,0.02132,0.09839,0.02331,0.02797,0.03683,0.04773,0.07518,0.05187,0.02687,0.00068,0.02607,0.10785,0,0,0.02119,0.04618,0.06342,0.06342
49,4.58607,64.64769,2.10564,1.45137,71.17867,63.64096,63.99671,64.2598,64.61345,65.57629,1.93533,16.92503,2.61812,1.62867,23.92,15.951,16.27,16.51,16.78,17.3,1.349,2.14801,0.03083,0.17559,2.39407,2.04164,2.12001,2.16567,2.22278,2.27097,0.22933,2.46811,0.01779,0.13426,3.20292,2.3691,2.4092,2.44912,2.48088,2.52583,0.15673,0.02366,0.00107,0.0328,0.12011,0.00316,0.00346,0.00813,0.0202,0.08969,0.08653,0.01972,0.00165,0.04091,0.25564,0,0,0,0.02615,0.05851,0.05851
50,4.59836,62.87095,13.14659,3.62655,73.31228,59.16984,60.2914,61.77066,64.64186,68.55654,9.38671,13.42261,12.69825,3.61129,23.46,10.016,10.9785,12.099,14.7735,19.495,9.479,2.38887,0.55714,0.74646,5.45138,1.80284,1.89883,2.10307,2.77467,3.2947,1.49186,1.71348,0.02873,0.17176,2.07141,1.53301,1.58153,1.70137,1.83665,1.97571,0.4427,0.03611,0.00059,0.02431,0.0975,0.01211,0.01673,0.0342,0.05207,0.07535,0.06324,0.00725,0.00033,0.0184,0.08631,0,0,0,0,0.02839,0.02839
51,3.95902,63.54548,4.60046,2.1453,70.95277,61.51906,62.02997,62.9552,64.42637,66.99969,5.48063,15.06334,6.37716,2.54186,26.63,12.9745,13.58,14.278,15.46,17.6,4.6255,2.1437,0.07978,0.28247,3.17022,1.94766,2.00142,2.06399,2.23104,2.52785,0.5802,2.2804,0.01407,0.1194,2.64311,2.12386,2.2021,2.27924,2.36394,2.42496,0.3011,0.03702,0.00065,0.02543,0.11065,0.01177,0.02109,0.0305,0.04735,0.07353,0.06176,0.02805,0.00086,0.02948,0.10562,0,0,0.02171,0.05286,0.07192,0.07192
52,3.78689,62.73849,6.74108,2.59738,72.5866,60.36008,61.55684,62.04007,63.54283,64.29931,3.93923,13.94899,5.79925,2.42375,22.91,11.9845,12.47,13.5275,14.4905,15.7345,3.75,1.96489,0.03283,0.18121,2.21463,1.8669,1.94143,1.99365,2.03505,2.07403,0.20713,2.2245,0.10666,0.32871,3.36117,1.96864,2.03011,2.15737,2.27924,2.40473,0.43609,0.01408,0.0004,0.02004,0.07151,0.00276,0.0034,0.00418,0.01211,0.05619,0.05343,0.02195,0.00097,0.03133,0.18941,0,0,0,0.03766,0.05739,0.05739
53,3.47131,58.30955,20.01821,4.47547,68.69493,53.26353,54.79412,57.37179,61.65402,65.56089,12.29735,11.57115,10.56839,3.25853,21.17,8.34,9.126,10.4545,12.9945,16.655,8.315,2.1562,0.51894,0.7204,4.16713,1.4741,1.63428,1.93919,2.38721,3.33414,1.86004,2.92882,0.08365,0.2899,3.62885,2.53476,2.70504,2.91877,3.13633,3.34645,0.81169,0.02334,0.00021,0.01455,0.05724,0.0044,0.01223,0.0215,0.03306,0.04581,0.04142,0.17981,0.03033,0.17457,0.67211,0.02401,0.0434,0.11108,0.26531,0.46491,0.4409
54,4.93033,58.69507,5.25165,2.29231,66.72778,56.11047,56.94961,58.37312,59.91355,61.91993,5.80946,9.47258,1.74747,1.32502,15.055,7.8695,8.5895,9.307,10.2395,10.9555,3.086,1.7664,0.10103,0.31786,2.85679,1.47917,1.56474,1.7014,1.93755,2.19954,0.72037,3.16592,0.21981,0.46994,3.9858,2.47696,2.91181,3.26057,3.50229,3.68553,1.20857,0.03109,0.00051,0.02259,0.09837,0.00979,0.01637,0.0246,0.04019,0.06305,0.05326,0.02013,0.00078,0.02806,0.14944,0,0,0,0.03368,0.0591,0.0591
55,6.60656,64.97414,1.12839,1.06254,71.05023,63.84434,64.43299,64.8447,65.36615,65.89886,2.05452,17.24488,1.33393,1.15745,22.22,15.8235,16.52,17.28,17.9,18.785,2.9615,2.287,0.03324,0.18233,2.63932,2.16633,2.22542,2.29721,2.34951,2.43953,0.2732,3.37152,0.01503,0.12286,3.73591,3.21425,3.28633,3.37711,3.45627,3.5238,0.30954,0.03575,0.00038,0.0194,0.08074,0.01788,0.02147,0.03042,0.05076,0.06556,0.04768,0.0433,0.00111,0.03333,0.35881,0.01395,0.0212,0.03666,0.06201,0.07678,0.06283
56,5.15984,64.30822,6.83517,2.61511,67.91007,60.48338,61.79782,65.21015,66.54431,67.07167,6.58829,14.94856,5.34015,2.3209,20.38,11.7125,12.5885,15.499,16.88,17.42,5.7075,2.12205,0.09388,0.30641,3.02758,1.80579,1.88714,2.14229,2.34332,2.44263,0.63684,2.19035,0.014,0.11884,2.84437,2.0642,2.11839,2.17747,2.25678,2.30194,0.23774,0.02005,0.00052,0.02283,0.08429,0.00479,0.00615,0.01125,0.01635,0.06803,0.06324,0.03827,0.00122,0.03506,0.13703,0,0,0.03557,0.06585,0.08398,0.08398
57,4.11475,61.08157,12.01145,3.46711,79.48623,59.12149,59.46052,59.92391,61.3603,63.06183,3.94034,13.846,20.00663,4.50183,46.09,11.99,12.179,12.6455,13.779,16.535,4.545,1.97457,0.08656,0.29422,3.3456,1.78708,1.85561,1.92495,2.03458,2.1899,0.40282,2.57878,0.1309,0.36415,4.74268,2.39047,2.4332,2.48053,2.57581,2.79768,0.40721,0.02876,0.0004,0.01993,0.07766,0.00375,0.00974,0.03108,0.03926,0.0608,0.05705,0.022,0.00078,0.02819,0.09189,0,0,0,0.04182,0.06398,0.06398
58,5.56557,63.05752,11.18515,3.34509,76.37482,59.59938,60.63231,62.43958,64.76396,66.70266,7.10327,15.76226,16.93226,4.14187,36.82,12.453,13.22,14.107,17.69,19.35,6.897,2.71927,0.8481,0.92097,6.48451,1.97463,2.12994,2.43011,3.02258,3.8168,1.84217,2.92146,0.09477,0.30987,4.04986,2.61132,2.66847,2.86843,3.03586,3.30908,0.69776,0.03712,0.0006,0.02446,0.09425,0.01599,0.01712,0.02945,0.05562,0.07288,0.05689,0.00741,0.00027,0.01648,0.096,0,0,0,0,0.02783,0.02783
59,4.72131,61.94337,7.96843,2.82341,71.05284,59.53987,60.02534,61.1636,62.59608,66.98178,7.44191,13.98687,8.87846,2.99921,25,11.232,12.041,13.225,14.755,18.65,7.418,1.9966,0.08033,0.28344,2.66649,1.78663,1.85792,1.94638,2.12815,2.40661,0.61998,2.40929,0.09766,0.31455,3.46125,2.05655,2.18963,2.36629,2.55469,2.79195,0.7354,0.02877,0.00052,0.02272,0.09278,0.00931,0.01159,0.02206,0.03987,0.06923,0.05992,0.01289,0.00045,0.02144,0.07378,0,0,0,0.02225,0.05055,0.05055
60,3.7541,62.29925,0.7129,0.84458,64.37614,61.35281,61.67109,62.29293,62.92896,63.42271,2.0699,14.53466,0.45871,0.67887,16.53,13.6405,14.076,14.4765,14.977,15.375,1.7345,1.93222,0.02404,0.15504,2.17732,1.81368,1.86711,1.94132,2.01083,2.0745,0.26082,2.73467,0.00785,0.0888,2.93252,2.62655,2.66955,2.73337,2.80241,2.85346,0.22691,0.0186,0.00074,0.02731,0.09739,0.00339,0.0038,0.00435,0.01772,0.07453,0.07114,0.1809,0.00235,0.04864,0.40876,0.11819,0.14812,0.18005,0.20794,0.23861,0.12042
61,4.69672,60.99704,20.39384,4.51686,72.85497,54.98507,57.41722,60.77205,64.09474,67.3805,12.39543,10.69509,19.65318,4.46226,26.57,6.686,7.559,9.23,12.598,18.135,11.449,2.61602,0.57238,0.7566,4.94349,1.70258,2.07449,2.58516,3.06947,3.62478,1.9222,1.94206,0.05183,0.22916,2.61396,1.72007,1.76997,1.88144,2.07997,2.3007,0.58062,0.30675,0.02766,0.16647,0.57198,0.06052,0.15497,0.35345,0.40791,0.5356,0.47508,0.00176,0.00003,0.00572,0.0295,0,0,0,0,0.00381,0.00381
62,3.43852,50.15022,140.27015,11.84594,77.74513,38.33691,39.94797,44.9161,60.11117,68.43179,30.09488,7.04601,58.27933,7.68415,41.62,2.4185,2.787,3.532,9.101,13.539,11.1205,1.42363,1.88067,1.37144,5.85323,0.25753,0.44591,0.9797,1.95578,3.6038,3.34628,2.59511,0.20525,0.45601,4.14981,2.21081,2.33954,2.48757,2.70144,3.09471,0.8839,0.09235,0.01268,0.1127,0.53954,0.0161,0.03201,0.05083,0.10449,0.21599,0.1999,0.00859,0.00058,0.02422,0.13953,0,0,0,0,0.03129,0.03129
63,6.59836,57.56332,16.38384,4.04851,68.06966,52.07839,54.91052,56.68385,60.41969,63.46041,11.38202,9.88597,4.78861,2.20264,18.3,7.619,8.582,9.343,10.709,12.585,4.966,1.64554,0.14797,0.38469,2.9872,1.38338,1.44267,1.51354,1.69865,2.28417,0.90079,3.21393,0.15316,0.39392,4.30732,2.74801,2.98455,3.15162,3.40165,3.6926,0.94459,0.07034,0.00154,0.0393,0.15143,0.033,0.04718,0.06009,0.0906,0.13216,0.09916,0.0353,0.00114,0.03405,0.12021,0,0,0.03058,0.06457,0.07663,0.07663
64,4.38934,63.77759,3.11241,1.76455,67.73399,61.15398,62.27331,63.69353,65.24093,65.93081,4.77683,15.5273,2.32794,1.53576,18.39,13.259,14.218,15.796,16.7,17.375,4.116,2.16513,0.06759,0.26,2.84446,1.86397,2.02615,2.21098,2.32166,2.40965,0.54567,2.32835,0.00423,0.06544,2.52433,2.25991,2.28196,2.31329,2.37221,2.42357,0.16366,0.01842,0.00061,0.02465,0.08994,0.00399,0.00481,0.007,0.01576,0.06993,0.06594,0.01571,0.00064,0.02543,0.10414,0,0,0,0.02777,0.05859,0.05859
65,3.4918,64.91698,0.8011,0.89522,67.23682,63.64481,64.46407,65.03593,65.45245,65.97856,2.33375,14.38578,0.91177,0.96113,17.93,13.4035,13.822,14.287,14.683,15.544,2.1405,1.67776,0.03254,0.18038,2.1391,1.52988,1.57827,1.65994,1.7716,1.88148,0.35159,2.52405,0.01371,0.11785,3.02607,2.41483,2.45719,2.49955,2.56521,2.64214,0.22731,0.01784,0.0004,0.0199,0.06687,0.00159,0.003,0.00886,0.02235,0.05807,0.05648,0.24353,0.00352,0.05971,0.33574,0.16606,0.23659,0.25403,0.27882,0.31152,0.14546
66,4.15574,64.83905,1.41649,1.19063,68.40165,63.49938,64.11105,64.89083,65.44538,66.34359,2.84421,17.00763,2.10425,1.45999,21.18,15.143,16.22,17.165,17.9,18.605,3.462,2.58839,0.18053,0.42491,4.01637,2.15271,2.30221,2.53673,2.85129,3.07995,0.92724,2.67027,0.06466,0.25593,3.22529,2.31087,2.4708,2.68594,2.82943,3.03272,0.72184,0.03231,0.00062,0.02496,0.09313,0.01077,0.0133,0.01983,0.05558,0.07206,0.06129,0.01298,0.00026,0.01633,0.06605,0,0,0,0.02597,0.032,0.032
67,5.2541,63.86628,6.04191,2.45852,72.16817,61.33092,61.9535,63.31702,64.84362,67.63304,6.30212,15.05073,5.82934,2.43023,25.7,12.565,13.339,14.607,15.693,18.46,5.895,1.92653,0.03261,0.18058,2.2199,1.79079,1.86884,1.94191,2.01734,2.07788,0.2871,2.267,0.04627,0.21651,3.06818,2.0184,2.10645,2.24199,2.39334,2.52914,0.51074,0.03499,0.00043,0.02072,0.09398,0.0161,0.02174,0.03046,0.04573,0.06997,0.05387,0.01933,0.00055,0.02363,0.14808,0,0,0.01314,0.03479,0.04367,0.04367
68,4.72541,63.822,8.63743,2.93954,69.46758,60.87348,61.24512,62.48186,67.13166,68.21318,7.33969,14.80906,7.02665,2.66817,20.95,12.16,12.698,13.22,17.74,18.48,6.32,2.02193,0.06013,0.24523,2.81307,1.82973,1.88593,1.95596,2.19123,2.30554,0.47581,2.08739,0.00792,0.08956,2.40013,1.99101,2.02596,2.07625,2.14368,2.18666,0.19566,0.01915,0.00078,0.02799,0.10264,0.00351,0.00426,0.00472,0.01839,0.07509,0.07158,0.0118,0.00048,0.02198,0.08109,0,0,0,0.01437,0.05283,0.05283
69,4.36885,64.51917,4.72514,2.17459,69.15117,62.48366,62.80837,64.66994,66.38197,67.17571,4.69205,15.96601,6.25781,2.51775,23.36,12.9775,14.5035,15.475,17.955,19.175,6.1975,1.99003,0.06006,0.24509,2.55031,1.69149,1.84646,1.98104,2.1168,2.33178,0.64029,2.35749,0.03453,0.18703,3.0027,2.11497,2.25854,2.36827,2.47174,2.55187,0.4369,0.0345,0.00101,0.03187,0.12496,0.00338,0.00682,0.03138,0.0439,0.09357,0.09019,0.05151,0.00079,0.02831,0.11974,0,0.03315,0.0538,0.07052,0.08057,0.08057
70,4.18033,60.64147,23.57937,4.85683,69.01442,54.48257,55.43336,61.04477,64.99817,67.10927,12.6267,12.19444,13.45064,3.6794,19.78,7.884,8.388,12.226,15.5775,16.905,9.021,1.68208,0.04358,0.20878,2.1236,1.48439,1.5363,1.64476,1.85064,1.95822,0.47383,2.21593,0.08133,0.2861,3.21732,1.90772,2.01622,2.14554,2.36781,2.60751,0.69979,0.02565,0.00059,0.02429,0.08054,0.00612,0.00754,0.01519,0.03621,0.0718,0.06567,0.09103,0.00312,0.05604,0.24081,0.02874,0.05387,0.08428,0.12299,0.16652,0.13777
71,4.44672,62.46211,5.05515,2.24882,67.92838,60.13494,60.6097,61.46383,64.31889,66.03899,5.90405,15.12658,5.73697,2.4109,21.99,12.484,13.19,14.239,17.12,18.455,5.971,2.23735,0.19089,0.43694,3.58859,1.86114,1.96888,2.08777,2.39079,2.89641,1.03527,2.61727,0.03123,0.17789,3.25534,2.42581,2.4956,2.57698,2.71559,2.87639,0.45058,0.02945,0.00079,0.02819,0.09914,0.00662,0.00787,0.0174,0.04572,0.07738,0.07076,0.01147,0.00039,0.01987,0.07314,0,0,0,0.02423,0.04444,0.04444
72,5.13525,63.29131,1.76585,1.32937,66.50471,61.88011,62.13277,62.92192,64.38285,65.33982,3.4597,16.94413,2.13164,1.46946,20.89,15.383,15.723,16.55,17.87,19.06,3.677,2.04898,0.0337,0.18358,2.35754,1.93281,1.97866,2.04237,2.13774,2.24248,0.30967,3.31781,0.01181,0.10937,3.58267,3.19186,3.23715,3.31021,3.39383,3.48306,0.2912,0.01684,0.00047,0.02179,0.07659,0.00308,0.00414,0.00612,0.01861,0.06183,0.05874,0.00779,0.00026,0.01617,0.07153,0,0,0,0,0.03318,0.03318
73,4.92213,64.3513,0.40277,0.63477,65.6073,63.47832,63.89374,64.46741,64.86369,65.06927,1.59095,16.71919,0.63006,0.79897,19.26,15.79,16.09,16.65,17.18,17.79,2,2.09315,0.03004,0.17334,2.37894,1.99766,2.05481,2.09901,2.16654,2.21717,0.21951,2.86498,0.01478,0.12236,3.26225,2.72817,2.7918,2.83174,2.91984,3.01706,0.28889,0.01974,0.00073,0.02706,0.10089,0.0036,0.00492,0.0065,0.01777,0.07359,0.07,0.01848,0.00043,0.02097,0.06912,0,0,0,0.03588,0.04598,0.04598
74,3.77459,63.86629,2.9137,1.7073,69.68827,62.06885,62.90081,63.68546,64.69112,65.55215,3.48331,15.82401,3.39653,1.85505,22.59,13.913,14.599,15.563,16.41,17.705,3.792,2.02657,0.04385,0.20943,2.38069,1.81246,1.93022,2.04835,2.14774,2.25083,0.43837,2.40538,0.04858,0.22185,2.86211,2.11359,2.2397,2.41569,2.5479,2.69529,0.5817,0.02507,0.0005,0.02233,0.09075,0.00886,0.01411,0.01599,0.02521,0.06736,0.0585,0.06342,0.002,0.045,0.17774,0,0.02874,0.05746,0.09418,0.11918,0.11918
75,7.20082,63.30193,2.72487,1.6512,66.06911,61.41896,61.9616,63.46792,64.76593,65.38047,3.96151,15.1456,3.34165,1.8323,18.9,12.979,13.8465,14.999,16.615,17.475,4.496,2.19256,0.03514,0.18745,2.45829,2.0546,2.12686,2.19762,2.29607,2.37597,0.32137,2.53111,0.02645,0.16301,2.88433,2.30728,2.41269,2.5223,2.65105,2.76551,0.45822,0.01825,0.00077,0.02785,0.0989,0.00249,0.003,0.00422,0.01656,0.07564,0.07315,0.02681,0.00089,0.02993,0.12585,0,0,0.01634,0.0501,0.06159,0.06159
76,7.19672,60.73736,9.12918,3.02226,65.53381,56.34965,57.96678,60.81985,63.49927,64.80824,8.45859,12.1482,6.43636,2.54246,17.09,8.6965,9.991,11.969,14.051,15.791,7.0945,1.88144,0.05441,0.23327,2.29343,1.5946,1.74003,1.92421,2.04492,2.14167,0.54707,2.12595,0.01686,0.13011,2.46506,1.96938,2.02856,2.10986,2.18601,2.32762,0.35825,0.017,0.00063,0.02502,0.08965,0.00292,0.00361,0.00401,0.01529,0.06851,0.0656,0.0269,0.00094,0.03067,0.14963,0,0,0.0166,0.04722,0.0692,0.0692
77,5.15574,64.18163,3.43353,1.8537,72.99595,61.91958,63.15204,64.05224,64.93289,66.1707,4.25112,15.04382,2.83522,1.69471,19.08,12.746,13.689,15.062,16.116,17.165,4.419,2.19554,0.099,0.31465,3.56851,1.87551,2.00125,2.21133,2.32172,2.47345,0.59794,2.24499,0.01795,0.13485,2.62076,2.09328,2.14739,2.2248,2.34137,2.40483,0.31155,0.02332,0.00048,0.0219,0.08762,0.0074,0.00977,0.01564,0.02153,0.06732,0.05992,0.00442,0.00021,0.0145,0.09484,0,0,0,0,0.0161,0.0161
78,4.44672,60.36956,34.7583,5.89792,70.6492,53.09814,54.92591,60.26981,65.77781,69.38424,16.2861,13.47881,27.80932,5.30759,24.28,7.5775,9.3405,12.1455,17.37,22.46,14.8825,1.93265,0.18986,0.43575,2.74177,1.46998,1.55903,1.86703,2.31706,2.5953,1.12532,2.43074,0.1196,0.34806,3.38246,2.096,2.16146,2.29368,2.60614,3.06136,0.96536,0.01809,0.00044,0.02111,0.07704,0.00436,0.00618,0.00777,0.02019,0.06139,0.05703,0.02821,0.00054,0.02333,0.09036,0,0,0.03064,0.04546,0.0567,0.0567
79,3.62705,63.60349,0.29652,0.54465,65.72655,62.96105,63.2411,63.52017,63.91679,64.28665,1.32561,14.84529,0.68851,0.83521,17.02,13.801,14.129,14.935,15.387,15.884,2.083,2.06608,0.03232,0.17977,2.43471,1.9558,2.00219,2.07517,2.14818,2.20155,0.24576,2.17046,0.01119,0.10647,2.40041,2.01828,2.07886,2.17381,2.25131,2.31157,0.2933,0.02524,0.00069,0.02635,0.10288,0.00662,0.01001,0.015,0.02036,0.07839,0.07177,0.06866,0.00095,0.03105,0.13907,0.02453,0.05248,0.07045,0.08739,0.10768,0.08315
80,7.57377,62.72917,18.50185,4.30253,73.09112,57.52362,59.32059,62.03001,65.98382,69.34705,11.82343,14.62678,20.78616,4.569,30.22,9.6355,11.172,13.534,16.78,22.05,12.4145,2.74957,0.56231,0.7499,4.96467,2.00595,2.16417,2.46156,3.32002,3.8329,1.82694,2.72663,0.1096,0.33177,3.99592,2.2918,2.46919,2.71893,2.91249,3.18042,0.88863,0.02308,0.00038,0.01962,0.07686,0.00859,0.01008,0.01594,0.02446,0.063,0.0544,0.02584,0.00073,0.02711,0.13064,0,0,0.02206,0.04169,0.0615,0.0615
81,4.37705,63.67776,9.3005,3.05028,68.90902,59.32541,60.83388,63.39218,66.66382,67.49533,8.16993,14.71222,5.18871,2.29281,20.05,11.699,13.097,14.333,16.53,17.83,6.131,2.10886,0.07908,0.28123,2.69161,1.82128,1.89146,2.14018,2.3011,2.40804,0.58676,2.35564,0.07958,0.28395,3.35719,2.11435,2.1808,2.27979,2.41891,2.76495,0.6506,0.02443,0.00072,0.02684,0.10151,0.00746,0.00919,0.01107,0.02718,0.0697,0.06224,0.03463,0.00076,0.02767,0.11166,0,0,0.03425,0.05437,0.07128,0.07128
82,4.21311,63.29483,4.8831,2.21022,68.93364,60.17035,61.4664,63.55796,64.93642,65.9798,5.80945,13.90514,4.31246,2.09026,22.84,11.54,12.446,13.839,14.877,16.185,4.645,2.02066,0.1498,0.38707,3.40958,1.71547,1.78059,1.89453,2.18428,2.55164,0.83616,2.11685,0.04919,0.22325,2.79965,1.86775,1.96519,2.07787,2.23006,2.3944,0.52665,0.02901,0.00054,0.02317,0.09485,0.00846,0.01481,0.02182,0.03174,0.07432,0.06586,0.07918,0.00333,0.05806,0.21595,0,0.03147,0.07278,0.12333,0.14858,0.14858
83,5.40164,63.90276,2.50417,1.58277,68.66532,62.12462,62.72562,63.50389,65.10709,66.28347,4.15885,16.14553,1.41538,1.1975,19.56,14.7275,15.208,16.03,17.05,17.705,2.9775,2.11045,0.03332,0.18255,2.39331,1.97623,2.05342,2.12664,2.19556,2.24955,0.27332,2.56731,0.01772,0.134,3.01884,2.42197,2.45898,2.55911,2.61946,2.73485,0.31288,0.02241,0.0007,0.02649,0.10218,0.00651,0.00794,0.00967,0.02265,0.0758,0.06929,0.02446,0.0007,0.02661,0.11094,0,0,0.02622,0.04394,0.05603,0.05603
0,6.5,50.63417,8.70019,2.94974,57.096,45.83626,49.14633,51.37197,52.64165,53.9281,8.09185,5.46791,1.52195,1.23411,10.191,3.86,4.657,5.367,6.156,7.0895,3.2295,1.17636,0.04358,0.20876,1.9249,0.93313,1.03009,1.15665,1.31161,1.45459,0.52146,1.83609,0.16546,0.40692,3.20492,1.35103,1.51965,1.77903,2.09207,2.43052,1.07949,0.02087,0.00009,0.00934,0.054,0.01038,0.01433,0.01957,0.02725,0.0324,0.02202,0.06222,0.00248,0.04981,0.35822,0.00713,0.01933,0.05526,0.0924,0.13154,0.12441
1,6.5,50.94365,11.50344,3.39182,64.06982,46.77978,48.11526,50.77719,53.33884,55.32514,8.54536,6.12888,1.85652,1.36303,18.34,4.682,5.168,5.917,6.814,7.7655,3.0835,1.37169,0.043,0.20737,3.10042,1.17736,1.24337,1.33581,1.46341,1.60054,0.42318,2.16783,0.08018,0.28326,3.5294,1.8092,1.96815,2.14921,2.33776,2.52766,0.71846,0.02452,0.00013,0.01155,0.05685,0.01036,0.01639,0.02293,0.03076,0.0406,0.03023,0.05123,0.00184,0.04295,0.2244,0,0.01637,0.04387,0.07651,0.1113,0.1113
2,6.5,50.85084,10.5224,3.24397,68.29389,46.8656,48.29419,50.73949,52.97739,54.72705,7.86146,5.99729,1.39823,1.18289,18.26,4.6675,5.152,5.897,6.654,7.2815,2.614,1.24952,0.02826,0.1681,1.93383,1.10705,1.15097,1.21622,1.2986,1.48174,0.37468,2.09702,0.09199,0.30341,4.65296,1.67005,1.88189,2.12269,2.28991,2.45377,0.78372,0.0207,0.00015,0.01245,0.06809,0.0097,0.01279,0.01804,0.02376,0.0357,0.026,0.05709,0.00211,0.04601,0.3445,0,0.02357,0.05071,0.08452,0.11957,0.11957
3,6.5,50.9957,12.31293,3.50913,62.90363,46.38656,48.40579,50.84391,53.24811,55.53384,9.14728,5.77681,1.72239,1.31286,11.707,4.2555,4.813,5.579,6.527,7.457,3.2015,1.23112,0.02118,0.14555,1.96006,1.07856,1.14345,1.20915,1.30794,1.40667,0.32812,2.39555,0.1349,0.36741,3.85209,2.00405,2.1233,2.31719,2.60117,2.92744,0.92339,0.03031,0.0002,0.01412,0.06642,0.01463,0.01962,0.02672,0.04203,0.05139,0.03676,0.05847,0.00345,0.05872,0.42289,0,0.01595,0.04667,0.08187,0.12635,0.12635
4,6.5,51.29564,23.79981,4.87872,74.65911,46.52824,47.69995,49.73601,53.90778,59.06641,12.53817,5.76751,3.5361,1.88112,22.53,3.9275,4.404,5.261,6.911,8.257,4.3295,1.23565,0.07923,0.28148,3.27682,0.98503,1.0805,1.18796,1.35935,1.49362,0.50859,1.64968,0.19414,0.44077,4.61042,1.20758,1.35073,1.52051,1.87269,2.2967,1.08912,0.03234,0.00031,0.0177,0.10155,0.01214,0.01986,0.03039,0.04094,0.05322,0.04109,0.06226,0.00314,0.05607,0.35077,0,0.01586,0.05141,0.09691,0.14249,0.14249
5,6.5,54.47055,58.87804,7.67354,72.668,45.17735,47.6726,52.45025,61.71456,64.89858,19.72123,6.98979,9.67018,3.1108,19.8,3.728,4.329,5.957,9.219,11.514,7.786,1.20433,0.05337,0.23101,1.93169,0.93609,1.02215,1.1831,1.36654,1.50834,0.57225,1.47353,0.1244,0.35282,3.1243,1.04822,1.21174,1.4457,1.65558,1.93682,0.88861,0.02056,0.00012,0.01091,0.05317,0.00947,0.0122,0.01795,0.02682,0.03737,0.02789,0.08339,0.00456,0.06756,0.36695,0,0.02866,0.07292,0.12811,0.17685,0.17685
0,2.5,50.59845,7.66467,2.76925,56.17242,46.71157,48.73715,51.13378,52.63855,53.78394,7.07237,6.38703,2.61359,1.62011,10.939,4.308,4.947,6.396,7.5535,8.413,4.105,3.73166,1.21941,1.1043,5.92734,2.13385,2.92492,3.94754,4.60483,5.00038,2.86653,2.31614,0.06684,0.25909,3.46466,2.06638,2.16796,2.26338,2.37764,2.57109,0.50471,0.01568,0.00003,0.00514,0.02605,0.00959,0.0108,0.01546,0.0203,0.02175,0.01216,0.02732,0.00088,0.0298,0.13762,0,0,0.02172,0.04784,0.06766,0.06766
1,2.5,55.73223328,6.655476321,2.579935663,65.17723083,52.41318893,53.84829712,55.83679962,57.59335709,58.85823059,6.445041656,7.831392882,3.456025257,1.859700732,16.86000061,5.860500097,6.400000095,7.247000217,8.994000435,10.69200039,4.831500292,1.571958052,0.048928599,0.221199788,3.028728247,1.336321115,1.422899246,1.560640812,1.698259294,1.820411444,0.484090328,1.832861253,0.017972921,0.134110856,2.444944859,1.680299044,1.744787931,1.815830588,1.903819442,2.022323489,0.342024446,0.121221954,0.002115187,0.045997854,0.209157616,0.054575952,0.091772132,0.123620197,0.150746956,0.190496556,0.135920605,0.044188073,0.001731427,0.041625232,0.231919423,0,0,0.039641578,0.071142502,0.102402084,0.102402084
2,2.5,51.48705742,7.222835832,2.687652875,55.82583237,47.67463112,51.56452942,52.20540237,52.78129959,53.3186512,5.644020081,7.205300353,1.432264105,1.197198495,10.43099976,5.681499958,7.156000137,7.493000031,7.788000107,8.082000256,2.400500298,1.23322303,0.016799157,0.129612551,1.594625354,0.99890995,1.229958594,1.267020822,1.298003376,1.333139122,0.334229171,3.149101686,0.166747795,0.408493037,3.705299139,2.756368279,3.147664309,3.262202978,3.352477074,3.426446557,0.670078278,0.003707858,5.30E-05,0.007279283,0.053294327,0.001262346,0.001493953,0.001929242,0.002882176,0.005165167,0.003902821,0.03386283,0.001162009,0.034100395,0.158644438,0,0,0.030973697,0.058005944,0.081527717,0.081527717
3,2.5,56.56616622,0.419792172,0.647942508,59.10173798,55.76618195,56.08434296,56.49152756,57.0177536,57.46828079,1.702098846,10.65331745,0.263078346,0.513094264,13.5340004,10.04649973,10.2840004,10.61100006,10.9829998,11.31550026,1.26900053,1.592863849,0.005868402,0.076606083,1.821672797,1.522476256,1.553511858,1.592368364,1.633999527,1.668020487,0.145544231,3.235257865,0.028290778,0.168258515,3.768419981,3.045426726,3.128735781,3.220449448,3.341471434,3.46285224,0.417425513,0.004354653,8.89E-05,0.009431479,0.073406406,0.001673328,0.001937334,0.002470604,0.003076655,0.004135777,0.002462449,0.127691555,0.00107712,0.032831194,0.256203204,0.088362899,0.106171958,0.126439124,0.148457393,0.168794118,0.080431219
4,2.5,56.20586982,31.997218,5.656859792,69.8013916,49.15524673,50.57995224,55.75161743,60.91941833,64.01451492,14.85926819,9.911990742,14.337042,3.787776863,26.15999985,5.824499846,6.381999969,8.512999535,12.72200012,15.64000034,9.815500498,1.371286905,0.040016879,0.20004372,2.44583869,1.198095679,1.254193366,1.331092536,1.426231742,1.618875325,0.420779645,2.6823851,0.14251011,0.377639528,3.481250048,2.120913148,2.207496643,2.785190344,2.957009077,3.101729393,0.980816245,0.022943095,0.000242145,0.015563281,0.060173772,0.002038592,0.004657041,0.0224538,0.035546554,0.04408838,0.042049789,0.146297019,0.010145678,0.10076162,0.548786163,0.040721033,0.075615346,0.122194931,0.199665517,0.293414041,0.252693009
5,2.5,51.99082316,5.15460315,2.270476033,61.93386841,49.13683701,50.20231628,51.80779648,53.69678116,54.86427498,5.727437973,6.799630608,1.290718438,1.136502421,15.68799973,5.585500002,5.93900013,6.558000088,7.543000221,8.289000034,2.703500032,1.37463993,0.024309662,0.155916749,2.305524349,1.218222022,1.268645108,1.349442899,1.46723336,1.554065764,0.335843742,1.948616933,0.012785504,0.113113264,2.393342733,1.814368546,1.875613213,1.935972214,2.015330315,2.088398814,0.274030268,0.009293118,0.000100757,0.010039217,0.077104032,0.003346853,0.004458151,0.006561229,0.010575588,0.016110806,0.012763953,0.063889966,0.002686954,0.051854294,0.562304616,0,0.028721206,0.058621351,0.093967944,0.126623951,0.126623951
0,6.5,52.50734,1.39591,1.18155,61.75785,50.85878,51.91033,52.55091,53.20406,53.62097,2.76219,7.82543,0.59123,0.76926,13.8,6.9165,7.365,7.798,8.252,8.6045,1.688,1.69835,0.06816,0.26108,3.93738,1.53723,1.58164,1.64155,1.72461,1.8562,0.31896,2.62492,0.02438,0.15622,3.47286,2.43147,2.52749,2.61919,2.71278,2.80368,0.37221,0.00487,0.00001,0.00269,0.01621,0.0026,0.00297,0.00375,0.00605,0.00892,0.00632,0.02897,0.00096,0.03096,0.21769,0,0,0.02611,0.04912,0.07229,0.07229
1,6.5,52.51226,0.66943,0.81823,57.50756,51.68761,52.07278,52.35792,52.69481,53.60692,1.9193,7.80594,0.32642,0.57159,12.495,7.29,7.495,7.727,7.979,8.3645,1.0745,1.61962,0.07737,0.27815,3.49261,1.44617,1.48765,1.54013,1.61198,1.86556,0.41939,2.67721,0.01178,0.10856,3.30739,2.56407,2.60736,2.66336,2.7227,2.79352,0.22946,0.003,0,0.001,0.00725,0.002,0.00226,0.00278,0.00343,0.00424,0.00224,0.0303,0.00106,0.0326,0.20287,0,0,0.02507,0.05373,0.07433,0.07433
2,6.5,52.95305,0.72484,0.85142,61.3126,52.33917,52.52707,52.76392,53.07096,53.69446,1.35529,8.03322,0.45584,0.67546,18.64,7.579,7.739,7.923,8.155,8.4825,0.9035,1.66633,0.16153,0.40191,5.29586,1.46762,1.50136,1.5511,1.65808,1.92368,0.45605,2.65129,0.01371,0.11714,3.73488,2.54275,2.58656,2.63233,2.68803,2.76253,0.21979,0.00332,0,0.00145,0.01061,0.00215,0.00244,0.00296,0.00362,0.00523,0.00308,0.02914,0.00096,0.031,0.17921,0,0,0.02572,0.05047,0.07063,0.07063
3,6.5,53.5988,1.08334,1.0409,64.20369,52.76549,53.06201,53.39765,53.85458,54.44978,1.68429,8.37858,0.75129,0.86716,23.02,7.697,7.91,8.231,8.584,9.1095,1.4125,1.81741,0.11915,0.34518,4.91047,1.59243,1.65712,1.74793,1.86707,2.02699,0.43456,2.6491,0.02836,0.16848,3.97641,2.48219,2.53454,2.61507,2.72404,2.84127,0.35907,0.00515,0.00001,0.00331,0.01644,0.00263,0.00304,0.0038,0.00586,0.01067,0.00804,0.03099,0.00113,0.03356,0.19364,0,0,0.02693,0.05193,0.07511,0.07511
1,5.759878419,59.50649,14.85714,3.85539,65.60526,54.27065,57.80889,59.6364,62.39278,64.61614,10.34549,12.49276,8.73772,2.96149,19,8.568,10.906,12.41,14.458,16.66,8.092,1.8722,0.06961,0.26384,2.42404,1.54297,1.73335,1.84261,2.06463,2.24078,0.69782,2.64077,0.01918,0.13874,2.97499,2.47063,2.54273,2.62991,2.72544,2.84525,0.37462,0.0166,0.0007,0.02646,0.10309,0.00309,0.00344,0.00479,0.00902,0.06833,0.06524,0.02204,0.00074,0.02719,0.16835,0,0,0.00503,0.04165,0.05783,0.05783
2,5.659574468,57.97744,4.02722,2.00726,66.00974,55.39248,56.57516,57.9888,59.23366,60.2577,4.86521,10.32797,5.10937,2.26462,21.08,7.988,8.739,9.8685,11.605,13.014,5.026,4.02268,1.07237,1.03558,8.64291,3.07217,3.41585,3.84801,4.28759,5.4001,2.32792,2.84965,0.12784,0.35821,3.74224,2.50326,2.58205,2.70955,3.05474,3.47073,0.96746,0.07983,0.00284,0.05332,0.18162,0.02305,0.03645,0.06183,0.12346,0.16805,0.145,0.01607,0.00038,0.01958,0.08833,0,0,0.00852,0.02839,0.04431,0.04431
3,6.565349544,61.17166,1.69235,1.30121,64.17803,59.60777,60.23635,61.04264,62.06697,63.07716,3.46939,13.03484,1.47128,1.21523,16.37,11.496,12.171,12.98,13.889,14.6895,3.1935,2.15688,0.04009,0.20022,2.57006,1.97693,2.06234,2.15694,2.27091,2.36888,0.39194,2.4441,0.01221,0.11069,2.77922,2.29271,2.37109,2.44549,2.52126,2.58094,0.28823,0.01369,0.00039,0.01978,0.07788,0.0042,0.00454,0.00513,0.00646,0.05278,0.04858,0.02084,0.00071,0.02677,0.11807,0,0,0,0.03769,0.06267,0.06267
4,5.799392097,50.7334,2.16618,1.47214,55.84204,48.99506,49.49251,50.57955,51.80022,52.5682,3.57314,6.0785,0.33617,0.58088,7.852,5.395,5.628,6.024,6.4205,6.895,1.5,1.07213,0.01295,0.11381,1.3404,0.99833,1.0343,1.07644,1.12091,1.16561,0.16728,3.6981,0.05659,0.23833,4.28576,3.37354,3.52484,3.70097,3.86905,4.0163,0.64276,0.0154,0.00016,0.01266,0.05126,0.00356,0.0057,0.01128,0.02062,0.03728,0.03372,0.03866,0.00113,0.03366,0.15933,0,0,0.03597,0.05897,0.08427,0.08427
5,6.070336391,64.22419,1.327,1.15222,66.52568,62.70375,63.30162,64.34341,65.16051,65.59438,2.89063,14.92662,1.73249,1.31871,18.16,13.1285,13.9845,14.986,15.8455,16.65,3.5215,2.14405,0.02897,0.17021,2.43767,1.99262,2.07369,2.15253,2.22972,2.30772,0.3151,2.18369,0.01073,0.10379,2.49543,2.06395,2.11567,2.17242,2.22859,2.3474,0.28344,0.01592,0.00058,0.02418,0.09482,0.00328,0.00416,0.00598,0.00777,0.06332,0.06004,0.02598,0.00084,0.02908,0.1171,0,0,0.02169,0.04653,0.06392,0.06392
6,6.036585366,56.98758,0.43746,0.66156,59.0218,56.14983,56.55852,56.9589,57.37909,57.80674,1.65691,10.16539,0.42004,0.64932,12.076,9.2885,9.727,10.1785,10.605,10.9715,1.683,1.75387,0.01956,0.13986,2.16162,1.65808,1.6986,1.75555,1.80428,1.86893,0.21085,3.01236,0.00966,0.09847,3.28331,2.89199,2.94567,3.01746,3.08045,3.12977,0.23778,0.02523,0.00013,0.01162,0.05007,0.01082,0.01698,0.02509,0.03456,0.0397,0.02888,0.0362,0.00044,0.02108,0.11235,0.01324,0.02028,0.03139,0.04858,0.06727,0.05403
7,4.527777778,47.66313,9.05023,3.00906,56.81234,43.59501,45.38988,47.57796,49.43291,51.57189,7.97688,4.42993,0.67043,0.82033,7.174,3.4675,3.806,4.3205,4.8835,5.5205,2.053,1.23098,0.03134,0.17704,1.61338,1.01711,1.15277,1.25874,1.334,1.4151,0.39799,1.96122,0.04179,0.20481,2.39391,1.66557,1.82332,1.98129,2.12131,2.20041,0.53484,0.02668,0.00054,0.02324,0.10048,0.00808,0.01358,0.01821,0.03065,0.06916,0.06108,0.03515,0.00212,0.04611,0.28286,0,0,0.0256,0.05091,0.08237,0.08237
8,5.812307692,59.75974,9.42464,3.07067,68.28062,55.77715,57.51809,59.63779,61.95903,63.75478,7.97763,12.1728,9.1381,3.02858,25.51,8.868,9.9165,11.6805,13.87,15.792,6.924,4.33817,1.44678,1.20286,8.42486,3.00122,3.51525,4.27752,4.97085,5.81094,2.80972,2.9391,0.01476,0.12172,3.36498,2.79148,2.8523,2.93636,3.01386,3.09385,0.30237,0.03857,0.00023,0.01527,0.07594,0.02223,0.03151,0.03811,0.04572,0.054,0.03177,0.00831,0.00026,0.01604,0.08153,0,0,0,0.01204,0.03106,0.03106
9,5.271341463,35.07105,11.5054,3.39275,49.07005,31.42456,32.64859,34.66702,36.45235,38.95779,7.53322,1.70789,0.65115,0.80845,7.73,1.059,1.2345,1.4815,1.901,2.516,1.457,0.19233,0.13563,0.36829,2.27357,0.00056,0.00982,0.07661,0.17792,0.44951,0.44895,2.1025,0.08139,0.28582,3.13517,1.76949,1.88126,2.082,2.25742,2.48619,0.71671,0.01795,0.00013,0.01136,0.046,0.00723,0.00769,0.01377,0.02681,0.03333,0.02609,0.03421,0.00172,0.04155,0.20593,0,0,0.02169,0.05648,0.09266,0.09266
10,3.960244648,49.95012,2.3167,1.52242,54.24969,48.18419,48.71927,49.73946,50.87267,52.16766,3.98347,6.49093,0.60708,0.78061,9.061,5.6825,5.883,6.295,7.002,7.51,1.8275,1.29931,0.02187,0.14789,1.96214,1.19693,1.23533,1.28834,1.35189,1.42545,0.22851,2.84028,0.04511,0.2128,3.53194,2.57213,2.68305,2.83523,2.96769,3.11568,0.54355,0.01332,0.00017,0.01323,0.05494,0.00362,0.00535,0.00962,0.0126,0.03889,0.03528,0.06194,0.00216,0.04661,0.24866,0,0.02924,0.05598,0.09425,0.1147,0.1147
11,5.452887538,24.73299,8.49291,2.91494,31.41929,20.97061,22.61631,23.98954,27.16155,28.81845,7.84784,0.31713,0.04192,0.20512,1.185,0.1305,0.1665,0.2595,0.405,0.5935,0.463,0.00097,0.00003,0.00526,0.05267,0,0,0,0,0.00012,0.00012,1.9394,0.58636,0.76717,3.98196,1.07419,1.45737,1.89477,2.4191,2.95886,1.88467,0.01363,0.00012,0.01111,0.04321,0.00321,0.00637,0.00879,0.02051,0.03237,0.02916,0.03765,0.00439,0.06637,0.36169,0,0,0.00554,0.04063,0.13349,0.13349
12,4.972307692,45.17187,3.49464,1.86983,51.28468,43.09324,43.82901,44.67047,46.43837,47.84175,4.74851,4.18866,0.47999,0.69411,6.612,3.4565,3.725,4.0395,4.4665,5.086,1.6295,1.3811,0.2187,0.46767,2.68369,1.01484,1.07164,1.18505,1.61506,2.13331,1.11847,2.18105,0.03755,0.19413,2.79246,1.93181,2.06101,2.17684,2.30467,2.42052,0.4887,0.01305,0.00007,0.00832,0.03507,0.00673,0.00734,0.01076,0.01502,0.0281,0.02138,0.02568,0.00087,0.02956,0.18682,0,0,0.01905,0.0455,0.06933,0.06933
13,3.77675841,64.94156,2.87857,1.69703,68.45996,62.68374,63.83429,64.73209,66.2793,67.42252,4.73878,16.57644,3.00505,1.73675,21.2,14.216,15.474,16.76,17.71,18.71,4.494,2.31078,0.06811,0.26099,2.9799,2.08388,2.14377,2.2548,2.51537,2.65237,0.5685,2.58029,0.02812,0.16799,3.12969,2.34643,2.46198,2.58929,2.71007,2.78656,0.44013,0.02255,0.00069,0.02634,0.10299,0.00383,0.00628,0.00966,0.02661,0.07298,0.06915,0.11096,0.00449,0.06712,0.32962,0.04208,0.06622,0.09489,0.1486,0.21005,0.16796
14,3.828746177,49.37364,18.41539,4.29231,58.33376,42.91479,46.22207,49.92778,52.59717,54.89662,11.98182,4.93247,1.69343,1.30375,7.932,3.3025,3.7425,4.884,5.8975,6.8365,3.534,1.12469,0.04473,0.2115,1.51075,0.81338,0.96178,1.17134,1.28299,1.37738,0.564,1.87506,0.04346,0.20887,2.32077,1.6135,1.71551,1.87091,2.0258,2.15643,0.54293,0.02266,0.00039,0.01986,0.09034,0.00906,0.01214,0.01669,0.02126,0.05794,0.04888,0.02726,0.00104,0.03237,0.12294,0,0,0.01639,0.05048,0.07328,0.07328
15,4.969230769,56.89366,8.05161,2.83819,62.19676,52.76214,54.76487,57.41508,59.24237,60.45793,7.69579,7.27491,1.26802,1.12817,11.014,5.651,6.499,7.332,8.0515,8.75,3.099,1.39585,0.03102,0.17613,1.67294,1.2039,1.31733,1.42642,1.49901,1.5646,0.3607,1.40081,0.00805,0.08989,1.78657,1.2865,1.34453,1.39688,1.46089,1.51554,0.22903,0.01629,0.00024,0.01553,0.06804,0.00658,0.00813,0.01022,0.01596,0.04512,0.03854,0.02613,0.0012,0.03471,0.15114,0,0,0,0.04663,0.07474,0.07474
16,3.373860182,54.65922,0.94195,0.97077,56.99039,53.29959,54.01826,54.64652,55.40257,55.94232,2.64274,8.6601,0.31161,0.55926,10.15,7.8875,8.258,8.712,9.069,9.343,1.4555,1.48158,0.01425,0.1194,1.67689,1.3916,1.43482,1.48958,1.54155,1.58098,0.18938,2.42851,0.01601,0.12675,2.68407,2.23167,2.36417,2.44857,2.52051,2.57607,0.3444,0.01263,0.00041,0.02031,0.07875,0.00274,0.00298,0.00338,0.00672,0.05264,0.0499,0.18909,0.00263,0.05139,0.375,0.12076,0.15506,0.1931,0.21951,0.24908,0.12832
17,4.272171254,49.81437,3.7607,1.9397,58.70805,47.82712,48.34885,49.50014,50.78482,52.22021,4.39309,5.53611,0.85856,0.92832,9.639,4.5555,4.844,5.3535,6.009,6.7865,2.231,1.91536,0.0854,0.29223,2.81577,1.58467,1.73361,1.90583,2.07458,2.25945,0.67477,2.01657,0.01031,0.10172,2.4403,1.90035,1.95227,2.00878,2.07269,2.14345,0.2431,0.0205,0.00015,0.01212,0.05192,0.00696,0.01199,0.01793,0.03001,0.03593,0.02898,0.04421,0.00195,0.04424,0.28755,0,0,0.03699,0.06687,0.09561,0.09561
18,4.521341463,44.49505,0.35329,0.59452,47.2426,43.76378,44.04341,44.47313,44.85346,45.27238,1.50861,4.26615,0.10115,0.31863,5.955,3.9145,4.025,4.228,4.4655,4.644,0.7295,0.96885,0.01343,0.11589,1.18866,0.87431,0.92458,0.97661,1.02657,1.07123,0.19693,2.99121,0.02476,0.15766,3.30193,2.78827,2.87408,3.01383,3.10129,3.19359,0.40532,0.01408,0.00014,0.01202,0.05298,0.00519,0.00709,0.01081,0.01375,0.03651,0.03132,0.04382,0.00117,0.03433,0.16355,0,0.0184,0.04081,0.06562,0.09191,0.09191
19,4.592705167,35.95315,0.19791,0.44497,37.64095,35.42013,35.66677,35.93318,36.20401,36.44394,1.02381,1.92654,0.03032,0.17444,2.454,1.7165,1.793,1.9085,2.0485,2.1755,0.459,0.07998,0.00241,0.04905,0.27103,0.02018,0.04258,0.07657,0.10803,0.13817,0.11799,2.24883,0.03729,0.19347,2.72098,2.01493,2.11363,2.22106,2.39372,2.51925,0.50432,0.01565,0.00008,0.00871,0.04505,0.00985,0.01027,0.01428,0.0167,0.02917,0.01932,0.05203,0.00187,0.04328,0.17002,0,0.01337,0.04926,0.08117,0.11713,0.11713
20,4.114197531,53.0428,1.10493,1.0514,55.27991,51.74496,52.12235,53.16376,53.84929,54.47166,2.7267,7.71438,0.38519,0.6218,9.329,6.8745,7.2545,7.707,8.136,8.5395,1.665,1.10369,0.01156,0.10754,1.23682,1.048,1.07811,1.11554,1.14689,1.18023,0.13223,3.42131,0.0245,0.15681,3.74599,3.1926,3.34277,3.44859,3.53463,3.59547,0.40286,0.0137,0.00023,0.01506,0.06244,0.00544,0.00624,0.00708,0.01186,0.04234,0.0369,0.13582,0.00376,0.06143,0.31098,0.05384,0.09552,0.1285,0.17507,0.22147,0.16763
21,3.376899696,36.7152,0.2851,0.53407,37.74073,35.82126,36.3658,36.86508,37.12922,37.28047,1.45921,1.74642,0.02352,0.15365,2.176,1.523,1.629,1.743,1.86,1.9445,0.4215,0.07575,0.00013,0.01134,0.10122,0.06163,0.06976,0.07652,0.08241,0.08857,0.02693,3.2877,0.04426,0.21077,3.72917,2.99985,3.09407,3.33103,3.45466,3.54273,0.54289,0.00565,0.0001,0.01002,0.03624,0.00046,0.00071,0.00093,0.00282,0.02548,0.02502,0.0318,0.00121,0.03483,0.21083,0,0,0.02188,0.05285,0.07793,0.07793
22,4.63190184,38.25892,15.16616,3.89528,52.10483,34.78612,35.83169,36.94922,38.9832,45.09882,10.31271,2.03538,0.69767,0.83683,6.668,1.4425,1.59,1.799,2.0795,2.832,1.3895,0.31026,0.09278,0.3046,1.39355,0.07198,0.12686,0.19509,0.3361,0.85701,0.78503,1.63465,0.03673,0.192,2.22976,1.41721,1.49172,1.6129,1.75977,1.90459,0.48738,0.02492,0.00049,0.02211,0.09294,0.00453,0.00921,0.01699,0.0329,0.05593,0.05141,0.04765,0.00269,0.05198,0.2739,0,0,0.03391,0.07398,0.10831,0.10831
23,4.376899696,55.29689,14.05797,3.75027,67.31584,51.10166,52.90165,54.12893,57.78325,59.98623,8.88457,7.6356,3.48544,1.87043,16.75,5.7825,6.4585,7.2375,8.376,9.58,3.7975,1.45031,0.03913,0.19781,2.36313,1.23469,1.3214,1.45183,1.5556,1.645,0.41031,1.86931,0.08552,0.29298,3.4786,1.66614,1.72481,1.78924,1.90138,2.10117,0.43503,0.02102,0.00033,0.01825,0.07596,0.00594,0.00882,0.01297,0.03042,0.0502,0.04426,0.06973,0.00347,0.05903,0.30094,0,0.0253,0.06188,0.09634,0.14284,0.14284
24,4.009118541,60.27035,6.24914,2.50041,65.40749,56.41784,58.27418,60.78688,61.87395,63.47717,7.05932,10.93338,3.56592,1.8919,19.21,8.716,9.366,10.75,12.017,13.3825,4.6665,1.50033,0.07743,0.27827,2.99725,1.1945,1.39266,1.48395,1.61412,1.7008,0.5063,1.97584,0.04617,0.21527,3.31171,1.72347,1.87794,1.97203,2.07136,2.17726,0.45378,0.02102,0.00031,0.01769,0.07741,0.0095,0.01124,0.01545,0.01957,0.05552,0.04602,0.1841,0.00748,0.08666,0.47082,0.07628,0.11855,0.18333,0.2342,0.30314,0.22686
25,5.201834862,48.55713,1.0435,1.02176,51.60942,47.20836,47.8618,48.43202,49.23096,50.07383,2.86547,5.44583,0.11634,0.34172,6.401,5.0155,5.202,5.4245,5.649,5.8975,0.882,1.14812,0.01169,0.10815,1.32975,1.08953,1.11701,1.15429,1.19458,1.22993,0.1404,2.11182,0.01,0.10021,2.56989,1.99655,2.04174,2.09908,2.17027,2.24739,0.25084,0.01075,0.00021,0.01465,0.05757,0.00309,0.00324,0.0043,0.00651,0.03955,0.03646,0.07189,0.00334,0.05793,0.25676,0,0.02861,0.0643,0.10415,0.15586,0.15586
26,4.361702128,62.7588,17.80426,4.22083,72.84445,58.78803,59.5299,61.19201,65.43208,70.36254,11.57451,14.32571,15.17283,3.91505,23.7,10.8025,11.434,12.498,16.385,21.615,10.8125,0.3757,0.444,0.66636,2.06546,0,0,0.00008,0.33551,1.77536,1.77536,2.0834,0.01528,0.12425,2.47391,1.95944,2.00903,2.05987,2.13705,2.24394,0.2845,0.01484,0.00035,0.0188,0.07641,0.00408,0.00509,0.00577,0.01391,0.05123,0.04715,0.0025,0.00008,0.0092,0.05141,0,0,0,0,0,0
27,4.571865443,41.30858,0.42877,0.65496,44.17707,40.62431,40.81572,41.16741,41.67184,42.17891,1.5546,2.76447,0.08807,0.29732,4.481,2.4815,2.569,2.6855,2.8785,3.1935,0.712,0.746,0.01116,0.10563,1.08824,0.67363,0.70018,0.73843,0.78674,0.84372,0.17009,1.56511,0.03316,0.18243,2.53213,1.40743,1.45581,1.51657,1.62948,1.75173,0.34429,0.00857,0.00014,0.01194,0.04711,0.00209,0.00242,0.00362,0.00552,0.03188,0.02979,0.03149,0.00139,0.03734,0.21864,0,0,0.02383,0.05317,0.07934,0.07934
28,4.613981763,45.73914,0.45455,0.67436,49.12092,44.84949,45.2322,45.73479,46.17322,46.56108,1.71159,3.91498,0.08187,0.28667,6.252,3.616,3.731,3.8885,4.0305,4.246,0.63,1.03137,0.01833,0.13539,1.86104,0.96623,0.99004,1.03033,1.05804,1.08235,0.11613,1.49752,0.0096,0.09817,1.8399,1.3945,1.43004,1.47654,1.54069,1.63125,0.23674,0.01066,0.00022,0.01492,0.05973,0.0021,0.00336,0.00422,0.00747,0.03952,0.03742,0.03302,0.00143,0.0379,0.18673,0,0,0.02145,0.05456,0.08902,0.08902
29,4.390243902,45.17071,0.98684,0.99363,48.92629,43.7241,44.63725,45.08514,45.72763,46.51182,2.78773,3.85034,0.25029,0.50123,6.165,3.359,3.5025,3.7245,4.066,4.554,1.195,0.9975,0.01155,0.10749,1.19409,0.9315,0.96563,0.9983,1.0407,1.0957,0.1642,1.55648,0.03246,0.1805,2.37499,1.41805,1.44632,1.50139,1.5856,1.76056,0.34251,0.01284,0.00021,0.01434,0.05803,0.00299,0.00383,0.00543,0.01833,0.03742,0.03443,0.04199,0.00193,0.044,0.22831,0,0,0.03551,0.06593,0.10402,0.10402
30,2.609090909,40.75477,12.17268,3.48975,49.53105,35.81883,38.30993,41.00636,43.28707,44.99789,9.17906,2.76974,1.07355,1.03806,7.951,1.613,2.0385,2.584,3.2675,4.326,2.713,0.54554,0.15217,0.3901,1.91623,0.0344,0.23278,0.4874,0.80681,1.06679,1.0324,1.67716,0.07247,0.2697,2.7385,1.38447,1.49029,1.62961,1.86234,2.0384,0.65393,0.01514,0.00016,0.01249,0.04537,0.00334,0.00578,0.01052,0.02373,0.03622,0.03288,0.1518,0.00921,0.09614,0.5216,0.03756,0.0806,0.13752,0.20656,0.27811,0.24055
31,4.288753799,51.07345,11.92716,3.45437,61.7975,47.5326,48.61119,50.25731,52.54126,56.26779,8.73519,5.53918,4.02562,2.01015,14.367,3.898,4.267,4.8205,5.967,8.559,4.661,1.56774,0.33073,0.57511,4.03069,1.09479,1.17685,1.36936,1.82272,2.28932,1.19452,1.52633,0.04261,0.2068,2.1591,1.31258,1.37315,1.46978,1.64125,1.84398,0.5314,0.02827,0.0003,0.01725,0.07324,0.00861,0.01229,0.0263,0.04026,0.05095,0.04235,0.06384,0.00553,0.0745,0.43668,0,0,0.04566,0.09394,0.16971,0.16971
32,3.905198777,48.93288,6.81146,2.61048,58.08169,45.85126,46.69722,48.54598,50.84956,52.40528,6.55402,5.06392,1.97592,1.4083,12.486,3.8565,4.1035,4.647,5.688,6.475,2.6185,1.52725,0.42466,0.65168,3.94121,1.06151,1.12898,1.31259,1.61697,2.33625,1.27474,1.71329,0.10618,0.32646,3.47952,1.53953,1.56373,1.60522,1.66947,2.08216,0.54263,0.03048,0.0004,0.02007,0.06411,0.00644,0.0121,0.0271,0.04901,0.05998,0.05355,0.03304,0.00134,0.03663,0.17594,0,0,0.02876,0.056,0.07984,0.07984
33,3.907692308,55.26549,7.04079,2.65406,61.2225,52.35165,52.81715,54.49762,57.37453,59.23549,6.88385,7.64764,1.84287,1.36006,11.369,6.23,6.4895,7.2245,8.556,9.37,3.14,1.48518,0.02455,0.15669,1.81784,1.33858,1.39091,1.45681,1.57958,1.6961,0.35752,1.70756,0.00582,0.07643,1.94243,1.62001,1.65273,1.69119,1.75504,1.82829,0.20828,0.01138,0.00036,0.01889,0.0711,0.00221,0.00246,0.00294,0.00546,0.04887,0.04666,0.03259,0.00106,0.03257,0.14628,0,0,0.02955,0.05534,0.07573,0.07573
34,4.387195122,52.00453,0.85468,0.9247,56.74791,51.05542,51.49002,51.92597,52.35391,52.89957,1.84415,6.48358,0.37371,0.61246,9.29,5.7105,6.1155,6.4635,6.871,7.28,1.5695,1.28578,0.01595,0.12631,1.55199,1.19009,1.25239,1.29055,1.34123,1.39102,0.20093,1.79002,0.00827,0.09113,2.14724,1.68427,1.73144,1.78023,1.84189,1.91009,0.22583,0.01534,0.00026,0.01616,0.06765,0.00542,0.00621,0.00814,0.01755,0.0457,0.04028,0.07794,0.00316,0.0563,0.33561,0,0.03688,0.07151,0.1146,0.145,0.145
35,3.710365854,36.57296,3.49414,1.8697,40.69565,33.78913,35.14102,36.99553,38.01564,38.77568,4.98655,1.85138,0.1134,0.33737,2.767,1.364,1.5735,1.9165,2.088,2.228,0.864,0.29809,0.0425,0.20617,0.69733,0.03554,0.11651,0.25807,0.47227,0.5799,0.54437,1.59398,0.00784,0.08873,1.84272,1.49505,1.53671,1.58999,1.65578,1.71045,0.2154,0.00742,0.00008,0.0089,0.03171,0.00189,0.00232,0.00358,0.00534,0.02507,0.02319,0.05524,0.00306,0.05539,0.37611,0,0,0.04852,0.08318,0.12214,0.12214
36,3.848024316,34.8243,1.34454,1.15981,38.30399,33.24939,33.86931,34.86017,35.54525,36.38559,3.1362,1.54216,0.06178,0.24901,3.024,1.2535,1.3665,1.521,1.698,1.821,0.5675,0.10379,0.0125,0.11179,0.54097,0.00307,0.01764,0.06628,0.15879,0.27209,0.26902,1.5189,0.01781,0.1337,2.23119,1.38744,1.42719,1.49898,1.60097,1.68898,0.30154,0.00818,0.00014,0.01189,0.04795,0.00183,0.00216,0.00295,0.00494,0.03085,0.02902,0.03296,0.00171,0.0414,0.16168,0,0,0.01216,0.05681,0.09621,0.09621
37,2.764525994,54.74243,39.76255,6.30722,63.15503,46.40215,47.86935,56.19581,60.53378,62.13316,15.731,9.19554,20.65709,4.55351,16.86,4.022,4.329,10.0865,13.242,15.066,11.044,1.42975,0.18709,0.43255,2.11026,0.94073,0.99714,1.52772,1.83751,1.94077,1.00004,2.40552,0.60625,0.78008,3.67167,1.51288,1.58542,2.72035,3.09755,3.36783,1.85495,0.01809,0.00032,0.0178,0.06131,0.00356,0.00428,0.01032,0.02432,0.04897,0.04542,0.07318,0.00239,0.04899,0.23605,0.01281,0.03957,0.06626,0.103,0.1336,0.12079
38,4.127659574,16.81575,11.3242,3.36593,34.35201,14.13812,14.59494,15.49005,18.21661,21.26002,7.1219,0.05614,0.02368,0.15417,2.277,0.008,0.016,0.028,0.048,0.1045,0.0965,0,0,0,0,0,0,0,0,0,0,0.09917,0.11071,0.33336,2.68851,0,0,0,0,0.60669,0.60669,0.007,0.00004,0.00638,0.02168,0.00107,0.00121,0.00451,0.01021,0.01758,0.01651,0.02416,0.00812,0.09028,0.60532,0,0,0,0,0.00415,0.00415
39,4.871165644,63.12415,7.79352,2.79234,70.04649,59.6825,61.10935,62.91165,64.71994,67.39051,7.70801,12.92541,6.11531,2.47754,19.93,10.0365,11.229,12.6985,14.42,16.21,6.1735,1.73769,0.07089,0.26625,2.83193,1.47377,1.58138,1.72756,1.8525,1.98571,0.51194,2.04035,0.07777,0.27939,2.75125,1.66161,1.83366,2.01928,2.2375,2.40811,0.7465,0.0586,0.00045,0.02124,0.11579,0.04325,0.04922,0.05807,0.06686,0.08402,0.04076,0.1721,0.00798,0.08948,0.50396,0.0612,0.10628,0.16374,0.22399,0.28997,0.22877
40,3.993920973,36.09578,5.30779,2.3044,45.1399,33.93516,34.49012,35.53271,36.82157,38.66587,4.73071,1.57257,0.07517,0.27468,2.382,1.2545,1.352,1.52,1.7225,1.993,0.7385,0.13342,0.00967,0.09834,0.4527,0.0068,0.04541,0.12515,0.2095,0.26366,0.25686,1.35201,0.01974,0.14076,1.75719,1.15993,1.25463,1.34833,1.44283,1.52835,0.36842,0.00956,0.00016,0.0127,0.05034,0.00229,0.00294,0.00354,0.00723,0.0342,0.03191,0.06022,0.00503,0.07109,0.39888,0,0,0.0435,0.09227,0.14493,0.14493
41,5.20668693,58.94665,2.17625,1.47555,62.79856,57.33653,57.94964,58.67247,59.80252,61.12007,3.78353,12.1403,2.33356,1.53046,16.86,10.471,11.0015,11.82,12.97,14.4735,4.0025,2.09873,0.03994,0.19985,2.60317,1.92553,2.0078,2.09039,2.20679,2.30655,0.38102,2.69752,0.03229,0.18003,3.3143,2.51683,2.5719,2.65225,2.78937,2.94082,0.42399,0.01421,0.00042,0.02045,0.08018,0.00368,0.00402,0.00525,0.00875,0.05493,0.05125,0.02882,0.00082,0.02877,0.13818,0,0,0.02589,0.04767,0.06837,0.06837
42,1.541033435,26.58488,60.32749,7.76888,41.274,19.60892,20.74165,22.14011,34.80722,39.23803,19.62911,0.85947,0.84816,0.92268,2.991,0.1525,0.21,0.306,1.4455,2.425,2.2725,0.04373,0.00809,0.08992,0.54015,0,0,0,0.05624,0.15494,0.15494,2.7559,0.24723,0.49815,3.84945,2.16292,2.39654,2.7867,3.18051,3.34465,1.18173,0.00898,0.00004,0.00631,0.02568,0.00316,0.00441,0.00661,0.01264,0.0193,0.01614,0.0423,0.00614,0.07851,0.4682,0,0,0,0.0582,0.16117,0.16117
43,4.097560976,19.50079,3.0062,1.73424,26.02138,17.17165,18.25021,19.60624,20.47943,21.42801,4.25636,0.17297,0.01172,0.10846,1.151,0.068,0.105,0.159,0.211,0.281,0.213,0,0,0,0,0,0,0,0,0,0,1.75654,1.03065,1.01711,3.34228,0,1.63001,2.0833,2.45004,2.73934,2.73934,0.006,0.00003,0.00557,0.02459,0.002,0.00257,0.00447,0.00603,0.01631,0.01431,0.00646,0.00104,0.03224,0.29837,0,0,0,0,0,0
44,3.054545455,48.9685,44.5218,6.67402,58.97106,39.41319,42.78287,49.12653,55.46139,57.70563,18.29245,4.98361,8.66288,2.94878,11.208,1.9065,2.263,4.075,7.1615,9.8505,7.944,1.05203,0.15965,0.39957,1.6656,0.50446,0.6806,1.07306,1.44362,1.58052,1.07606,1.4899,0.04758,0.21854,1.94335,1.23543,1.29535,1.43077,1.6976,1.7992,0.56377,0.07561,0.00061,0.02465,0.11963,0.05922,0.0682,0.07887,0.08885,0.0996,0.04038,0.06514,0.00301,0.05499,0.29148,0,0.0204,0.05727,0.0972,0.14092,0.14092
1,5.759878419,62.22406,4.36296,2.08926,65.97971,58.77434,61.1447,62.42007,63.52862,65.1505,6.37617,14.92267,4.5122,2.12815,19.97,11.7025,13.725,14.91,16.32,17.83,6.1275,2.03618,0.02311,0.15203,2.38588,1.81052,1.94397,2.0343,2.15379,2.23454,0.42402,2.77085,0.01757,0.13279,3.06609,2.59293,2.68307,2.76793,2.87227,2.94072,0.3478,0.00366,0,0.00106,0.00679,0.00261,0.00298,0.00345,0.00388,0.0054,0.00279,0.02181,0.00077,0.02775,0.13018,0,0,0,0.04028,0.06003,0.06003
2,5.659574468,58.30122,2.9724,1.72446,64.99294,56.03549,57.02194,58.35426,59.36934,60.34531,4.30981,10.5587,4.03864,2.01338,21.99,8.4965,9.142,10.184,11.908,12.9855,4.489,3.83432,0.45982,0.67812,6.44062,3.09469,3.35667,3.74078,4.10528,4.73946,1.64476,2.89377,0.14725,0.38444,3.80107,2.53026,2.61073,2.72893,3.12736,3.55232,1.02206,0.12986,0.00493,0.07025,0.26337,0.05118,0.06525,0.11788,0.1835,0.23796,0.18679,0.01756,0.00042,0.0205,0.09433,0,0,0.01055,0.03025,0.04592,0.04592
3,6.565349544,63.25763,5.06153,2.25031,67.98991,60.5489,61.33234,62.81988,65.13436,66.50536,5.95646,15.37334,6.52543,2.55925,22.96,12.35,13.223,14.771,17.42,18.94,6.59,2.29058,0.01489,0.12204,2.59182,2.13643,2.19164,2.28204,2.38586,2.4515,0.31508,2.61868,0.03232,0.1801,3.10318,2.39559,2.47658,2.59549,2.7518,2.86407,0.46848,0.00475,0,0.00085,0.00635,0.00356,0.00401,0.00471,0.00531,0.00605,0.00248,0.02209,0.0008,0.0283,0.15506,0,0,0,0.03896,0.06055,0.06055
4,5.799392097,49.54531,2.41504,1.5544,54.61834,47.61005,48.37387,49.421,50.51823,51.56584,3.95579,5.70276,0.30023,0.54896,7.665,5.077,5.304,5.653,6.024,6.4095,1.3325,1.00769,0.00263,0.0513,1.14631,0.94778,0.97157,1.00459,1.03643,1.08111,0.13333,3.6883,0.0453,0.21323,4.24505,3.41545,3.55732,3.68879,3.82033,3.96366,0.54821,0.01039,0.00003,0.00576,0.02317,0.00396,0.00505,0.01005,0.01424,0.01984,0.01588,0.03241,0.00099,0.03152,0.12407,0,0,0.03133,0.05446,0.07452,0.07452
5,6.070336391,64.10891,2.60327,1.61384,68.76455,62.09314,62.74036,64.04942,65.37431,66.31086,4.21772,14.86526,2.91089,1.70931,20.31,12.5225,13.467,14.957,16.01,17.05,4.5275,2.16257,0.01684,0.12978,2.5984,1.9729,2.08937,2.17578,2.24143,2.30295,0.33005,2.18018,0.00993,0.09981,2.61566,2.05876,2.12159,2.17838,2.22989,2.2883,0.22954,0.00739,0.00001,0.00329,0.01452,0.00388,0.00447,0.00603,0.01028,0.0125,0.00862,0.02217,0.00069,0.02638,0.11895,0,0,0.0142,0.03941,0.06104,0.06104
6,6.036585366,56.89841,0.5771,0.75985,59.38163,55.88543,56.34721,56.87827,57.40981,57.89574,2.01031,10.12941,0.52994,0.72933,11.911,9.144,9.588,10.169,10.652,11.045,1.901,1.76637,0.00608,0.07798,1.97786,1.67419,1.70502,1.75983,1.82345,1.86925,0.19506,2.97539,0.01244,0.11175,3.23305,2.83689,2.9179,2.97712,3.04889,3.1112,0.27431,0.03065,0.00012,0.01098,0.05429,0.01523,0.02297,0.03026,0.03768,0.04557,0.03034,0.03294,0.00045,0.02129,0.14065,0.01158,0.01845,0.02729,0.04355,0.06209,0.0505
7,4.527777778,44.69466,3.12744,1.76887,53.35157,43.21073,43.59442,44.20708,45.48095,46.24068,3.02995,3.96835,0.19438,0.44171,5.552,3.4615,3.659,3.921,4.225,4.5855,1.124,1.11544,0.01007,0.10038,1.62555,1.01159,1.05269,1.10382,1.16212,1.23188,0.22028,2.14342,0.01578,0.12585,2.58894,2.00984,2.07852,2.14271,2.20821,2.28776,0.27792,0.00546,0.00001,0.00276,0.01261,0.00296,0.00353,0.00423,0.00708,0.01029,0.00733,0.02623,0.00109,0.03305,0.23425,0,0,0.01223,0.04517,0.06978,0.06978
8,5.812307692,55.77313,8.69354,2.94917,66.14181,52.34382,53.58504,55.12331,58.06564,59.94658,7.60276,9.06372,6.72817,2.59871,25.47,6.659,7.269,8.273,10.164,11.9835,5.3245,4.0623,1.58199,1.25781,8.50658,2.57979,3.11771,3.83958,4.85041,5.91572,3.33593,2.89196,0.02265,0.15078,3.48866,2.69509,2.80464,2.88894,2.98193,3.06656,0.37146,0.04921,0.00044,0.02111,0.09155,0.0241,0.03412,0.04246,0.06502,0.08107,0.05697,0.0109,0.00037,0.0193,0.11721,0,0,0,0.01752,0.04164,0.04164
9,5.271341463,33.9667,2.98969,1.72947,39.2252,31.73146,32.75636,33.97321,35.16099,36.14494,4.41348,1.43943,0.11613,0.34142,2.66,1.0445,1.218,1.381,1.626,1.87,0.8255,0.06653,0.00691,0.08314,0.56977,0.00129,0.00805,0.04195,0.10041,0.14579,0.1445,1.92215,0.09194,0.30378,3.09303,1.62242,1.71045,1.86408,2.08817,2.34084,0.71841,0.00929,0.00001,0.00248,0.01351,0.00519,0.00819,0.0095,0.01126,0.01244,0.00726,0.04785,0.00335,0.05796,0.43118,0,0,0.03234,0.06977,0.11713,0.11713
10,3.960244648,49.81348,1.525,1.2352,53.9351,48.16479,49.02908,49.7595,50.54355,51.36056,3.19577,6.32352,0.4935,0.7038,8.544,5.475,5.817,6.212,6.737,7.253,1.778,1.27195,0.00307,0.05542,1.42444,1.20084,1.22844,1.27326,1.31226,1.34057,0.13974,2.7051,0.08615,0.29406,3.48961,2.36821,2.46573,2.64815,2.93019,3.1403,0.77208,0.00992,0.00001,0.00368,0.01674,0.0054,0.00653,0.00958,0.01264,0.01582,0.01042,0.0641,0.00205,0.04541,0.22854,0,0.03062,0.05937,0.09517,0.11889,0.11889
11,5.452887538,21.15463,4.04844,2.01254,28.74219,19.33542,19.76335,20.60803,21.65144,23.94116,4.60574,0.16559,0.02025,0.14258,0.866,0.061,0.084,0.123,0.191,0.286,0.225,0.00044,0.00001,0.00271,0.03357,0,0,0,0,0.00005,0.00005,2.0825,2.9976,1.73458,5.062,0,0,2.49836,3.62493,4.31091,4.31091,0.00965,0.0001,0.01003,0.0424,0.00302,0.00374,0.0056,0.00847,0.026,0.02298,0.0288,0.0043,0.06573,0.36932,0,0,0,0.02128,0.09487,0.09487
12,4.972307692,43.89594,1.83526,1.35503,48.99096,42.54467,42.96274,43.71902,44.64976,45.64822,3.10355,3.75374,0.211,0.46021,5.393,3.191,3.429,3.723,4.057,4.349,1.158,1.07898,0.01262,0.11233,1.49334,0.95036,0.99193,1.07212,1.14106,1.21049,0.26013,2.19285,0.04614,0.2152,2.8329,1.95377,2.02806,2.16349,2.32537,2.51653,0.56276,0.01128,0.00002,0.00432,0.02132,0.0057,0.00741,0.01135,0.01348,0.01735,0.01165,0.02686,0.00092,0.03042,0.14139,0,0,0.02051,0.04395,0.07064,0.07064
13,3.77675841,62.21864,15.80099,3.97597,67.09071,54.61605,59.49987,64.10677,65.19738,65.79116,11.17511,13.15841,7.90167,2.81623,18.2,8.4445,11.007,13.94,15.267,16.28,7.8355,2.29681,0.1113,0.33363,3.09471,1.76655,2.0351,2.40448,2.55571,2.63631,0.86976,2.36811,0.02895,0.17045,3.00479,2.15938,2.25146,2.36267,2.46971,2.60324,0.44386,0.01149,0.00001,0.00269,0.01545,0.00777,0.01018,0.01183,0.01337,0.01485,0.00708,0.05669,0.00162,0.04038,0.23533,0,0.02964,0.05327,0.07592,0.10351,0.10351
14,3.828746177,46.18594,13.82828,3.7195,56.91369,41.6678,43.45456,45.65464,48.55883,50.95755,9.28975,4.09312,0.77115,0.87979,7.662,3.0285,3.529,4.014,4.516,5.2355,2.207,0.98819,0.0237,0.15396,1.32028,0.7242,0.91668,1.02184,1.07382,1.15346,0.42925,2.00373,0.07722,0.2784,2.57326,1.61191,1.81354,2.02621,2.22415,2.3301,0.7182,0.00881,0.00002,0.00436,0.01859,0.00419,0.00467,0.00774,0.01146,0.01618,0.01199,0.02635,0.00108,0.03296,0.14522,0,0,0.00779,0.04636,0.07677,0.07677
15,4.969230769,58.28326,2.24678,1.49928,61.24435,56.49918,57.36295,58.31773,59.49471,60.12062,3.62144,7.91069,0.62096,0.78948,10.808,6.8625,7.462,7.984,8.427,8.859,1.9965,1.48128,0.00745,0.0863,1.74891,1.38846,1.43369,1.48541,1.53619,1.57463,0.18617,1.34383,0.00518,0.07207,1.55139,1.24989,1.2922,1.33932,1.38545,1.44326,0.19336,0.00591,0,0.00178,0.0103,0.0038,0.00447,0.00556,0.00714,0.00858,0.00478,0.02405,0.00087,0.02955,0.1647,0,0,0.00758,0.04676,0.06863,0.06863
16,3.373860182,52.48485,1.01096,1.0057,55.08766,51.13961,51.77161,52.54423,52.9954,54.10585,2.96623,7.54664,0.19392,0.44118,8.733,6.926,7.272,7.562,7.801,8.077,1.151,1.41643,0.00302,0.05496,1.54276,1.34376,1.37053,1.42071,1.45654,1.49166,0.14791,2.31066,0.01468,0.1214,2.64705,2.17624,2.22127,2.28686,2.38082,2.49437,0.31813,0.00264,0,0.00077,0.00436,0.00188,0.00199,0.00228,0.00321,0.00392,0.00204,0.13505,0.00232,0.04825,0.30452,0.07841,0.09807,0.12921,0.16534,0.19575,0.11734
17,4.272171254,48.65341,1.08689,1.04278,52.31799,47.36525,47.90931,48.55009,49.28148,50.06268,2.69742,5.26543,0.47909,0.69345,7.392,4.424,4.771,5.179,5.666,6.3375,1.9135,1.90759,0.04971,0.22297,2.64473,1.64399,1.74468,1.88235,2.03242,2.2223,0.57831,2.03617,0.01,0.10017,2.68801,1.91466,1.97422,2.02063,2.09991,2.15286,0.2382,0.01158,0.00001,0.00323,0.02017,0.00813,0.00917,0.01086,0.01307,0.01675,0.00863,0.03704,0.00133,0.03653,0.18051,0,0,0.03493,0.05437,0.08861,0.08861
18,5.021341463,44.77083,0.71037,0.84303,49.90294,43.87576,44.23545,44.67977,45.15724,45.6249,1.74914,4.30925,0.16843,0.41117,6.69,3.8325,4.051,4.252,4.497,4.724,0.8915,1.05543,0.05433,0.23311,2.88155,0.89173,0.94542,1.02494,1.09966,1.18382,0.29209,3.00032,0.02364,0.15403,3.42748,2.79875,2.894,2.99566,3.09883,3.19596,0.39721,0.01111,0.00001,0.00319,0.01672,0.00642,0.00845,0.01113,0.0137,0.01549,0.00907,0.05422,0.00162,0.04038,0.19751,0,0.02256,0.05305,0.08156,0.10423,0.10423
19,4.592705167,36.37897,0.64042,0.80045,42.56873,35.65095,35.95288,36.27967,36.62402,36.98645,1.3355,1.97756,0.04563,0.21402,3.645,1.757,1.832,1.96,2.08,2.193,0.436,0.14983,0.00811,0.09004,0.63124,0.05956,0.09639,0.13356,0.18449,0.24214,0.18259,2.19103,0.02729,0.16549,2.69366,1.98452,2.06736,2.18705,2.30791,2.42098,0.43646,0.0107,0.00004,0.00601,0.02045,0.00315,0.00409,0.01118,0.01595,0.01864,0.01549,0.04585,0.00166,0.04078,0.17515,0,0,0.04228,0.07007,0.10311,0.10311
20,4.114197531,52.27946,1.76166,1.32759,54.94351,50.63687,51.13641,52.04685,53.56397,54.12933,3.49246,7.17859,0.48368,0.69677,8.956,6.328,6.629,7.113,7.564,8.1595,1.8315,1.08106,0.00435,0.06597,1.27306,0.9863,1.04092,1.07945,1.12906,1.16337,0.17707,3.4736,0.03368,0.18385,3.98244,3.24741,3.34623,3.46513,3.59669,3.72215,0.47474,0.00745,0,0.00135,0.00963,0.00583,0.00627,0.00761,0.00859,0.00923,0.00341,0.11932,0.00404,0.06367,0.28081,0.02923,0.0722,0.11733,0.16477,0.20457,0.17535
21,4.26899696,35.96165,0.06232,0.2497,36.76283,35.64919,35.8003,35.9538,36.10881,36.29613,0.64695,1.54137,0.00425,0.06533,1.724,1.459,1.503,1.538,1.58,1.627,0.168,0.07296,0.00007,0.00835,0.09963,0.0628,0.06671,0.0723,0.07848,0.08408,0.02128,3.60334,0.01104,0.10529,3.87402,3.47311,3.52722,3.60151,3.67241,3.7459,0.2728,0.00075,0,0.00024,0.00154,0.00054,0.00061,0.00069,0.00078,0.00106,0.00052,0.02334,0.00079,0.0282,0.12071,0,0,0.01421,0.03766,0.06679,0.06679
22,4.63190184,37.16639,10.55858,3.25015,52.85697,34.39984,35.12848,36.57052,38.01216,39.70525,5.3054,1.95216,0.65479,0.8107,8.507,1.4275,1.574,1.791,2.043,2.4075,0.98,0.24331,0.06104,0.24707,1.36501,0.04336,0.08839,0.17498,0.30945,0.45709,0.41373,1.67873,0.04184,0.20494,2.40641,1.46051,1.53457,1.63786,1.79462,1.97158,0.51107,0.01069,0.00009,0.00923,0.03993,0.0036,0.00484,0.00805,0.00943,0.02679,0.02319,0.04691,0.0023,0.04807,0.26918,0,0,0.03813,0.07903,0.11147,0.11147
23,4.376899696,55.39697,12.9341,3.59724,67.43602,51.94854,52.874,54.02106,57.30643,60.84521,8.89667,7.748,3.58062,1.89578,19.35,6.0635,6.635,7.261,8.32,9.5455,3.482,1.48459,0.01997,0.14133,2.15158,1.311,1.38744,1.46627,1.57381,1.6545,0.3435,1.83221,0.04339,0.20869,3.21573,1.65991,1.72546,1.78683,1.88181,2.01795,0.35804,0.02069,0.0003,0.01745,0.07035,0.00758,0.00873,0.0112,0.03104,0.04804,0.04046,0.05943,0.00464,0.06826,0.50243,0,0.01856,0.04504,0.07481,0.12635,0.12635
24,4.009118541,56.29216,21.85353,4.67586,68.53908,52.12456,53.04338,54.3628,59.38217,64.36489,12.24032,9.11769,6.84416,2.62101,17.99,6.848,7.379,8.145,9.934,13.3995,6.5515,1.47168,0.05364,0.23161,2.10531,1.27018,1.32018,1.38174,1.56123,1.86236,0.59218,2.18455,0.12268,0.35091,4.47965,1.92943,2.02482,2.12186,2.2485,2.3714,0.44196,0.01339,0.00004,0.0065,0.02987,0.00603,0.00668,0.01321,0.01638,0.02391,0.01788,0.12171,0.00449,0.06711,0.5185,0.04979,0.08113,0.1146,0.15779,0.2003,0.15051
25,5.201834862,48.31684,1.24178,1.11461,52.36896,47.0849,47.50179,48.06069,48.92858,49.96454,2.87964,5.46107,0.19056,0.43735,7.245,4.9845,5.165,5.412,5.668,6.011,1.0265,1.17376,0.00623,0.07895,1.73506,1.10515,1.13466,1.16468,1.1951,1.22647,0.12132,2.25522,0.0186,0.13663,3.08674,2.13221,2.17961,2.2334,2.30497,2.37225,0.24004,0.00699,0.00001,0.00312,0.01385,0.00375,0.00435,0.00603,0.00908,0.01261,0.00886,0.06258,0.00228,0.04785,0.23866,0,0.02456,0.05809,0.09633,0.12417,0.12417
26,4.361702128,63.94023,14.6484,3.82737,82.20861,59.7953,61.16055,63.15101,65.9575,69.25828,9.46299,15.61332,18.41205,4.29186,46.68,11.616,12.6775,14.407,17.22,21.17,9.554,0.25808,0.17236,0.41517,2.21627,0,0.00048,0.05267,0.34118,0.91681,0.91681,2.25348,0.07059,0.26575,3.9483,2.0025,2.08659,2.1995,2.33162,2.56307,0.56057,0.02399,0.00205,0.04524,0.38466,0.00431,0.0065,0.01061,0.01992,0.04472,0.0404,0.00611,0.00053,0.02299,0.44135,0,0,0,0,0.02304,0.02304
27,4.571865443,42.48348,1.12992,1.06323,46.9887,41.56973,41.84188,42.16609,42.71784,44.00619,2.43645,2.98368,0.13026,0.36159,4.863,2.6755,2.75,2.882,3.084,3.4005,0.725,0.84296,0.02152,0.14671,1.78266,0.74316,0.77489,0.81249,0.85573,0.92496,0.1818,1.51419,0.02728,0.16547,2.65279,1.38034,1.42451,1.46752,1.5644,1.6913,0.31096,0.00515,0.00001,0.00328,0.01561,0.00206,0.00271,0.00419,0.0066,0.01091,0.00885,0.03157,0.00147,0.03838,0.1761,0,0,0.02096,0.05398,0.08581,0.08581
28,4.613981763,46.80906,0.61304,0.78315,48.78419,45.89447,46.21348,46.67321,47.30314,48.0731,2.17863,4.2677,0.11559,0.34062,5.346,3.8505,4.02,4.241,4.486,4.7335,0.883,1.07083,0.0023,0.04791,1.19515,1.00984,1.03235,1.07084,1.1028,1.13521,0.12537,1.50965,0.00967,0.09851,1.84724,1.39866,1.43865,1.48759,1.56343,1.64858,0.24992,0.00396,0.00001,0.00232,0.01234,0.00236,0.00276,0.00339,0.00364,0.0071,0.00474,0.04495,0.0016,0.04009,0.19668,0,0,0.04132,0.07004,0.09922,0.09922
29,5.090243902,47.82005,5.70917,2.38994,53.05112,44.99011,45.7863,47.2837,50.0552,51.32722,6.3371,4.59119,0.60087,0.7766,6.526,3.6975,3.938,4.461,5.268,5.7305,2.033,1.16844,0.03064,0.17506,1.55336,0.96853,1.01708,1.10091,1.33401,1.43122,0.46269,1.52872,0.00788,0.08894,2.08992,1.42847,1.47167,1.52006,1.56319,1.62838,0.1999,0.00441,0,0.00216,0.00964,0.00249,0.00293,0.0036,0.00522,0.00872,0.00623,0.03324,0.00132,0.03645,0.16663,0,0,0.02965,0.05373,0.08662,0.08662
30,2.609090909,41.63343,14.44762,3.80188,49.52955,36.14489,38.21571,42.61588,44.79071,45.96727,9.82238,2.90745,0.94773,0.97533,5.644,1.6795,2.068,2.87,3.655,4.142,2.4625,0.55138,0.1131,0.33631,1.52222,0.05337,0.24542,0.54668,0.82165,0.94152,0.88815,1.63165,0.05271,0.23001,2.39997,1.27832,1.49329,1.64564,1.78272,1.88695,0.60864,0.01285,0.00005,0.00714,0.03595,0.00678,0.00808,0.01088,0.01373,0.02219,0.01541,0.1552,0.01017,0.10104,0.46651,0.02885,0.07493,0.14897,0.23035,0.29841,0.26956
31,4.288753799,49.59545,7.22522,2.6886,57.99804,46.47209,47.48804,48.89593,51.6459,53.36061,6.88852,4.95113,1.86095,1.36671,10.488,3.6095,3.955,4.497,5.598,6.9825,3.373,1.50077,0.19388,0.44033,3.53834,1.07223,1.19761,1.37122,1.71929,2.05922,0.98698,1.54444,0.03029,0.17436,2.1141,1.36608,1.41208,1.50124,1.6242,1.8146,0.44852,0.02359,0.00013,0.01157,0.04932,0.01068,0.01394,0.02235,0.02889,0.04358,0.0329,0.04236,0.00272,0.05221,0.25656,0,0,0.02727,0.06054,0.10986,0.10986
32,3.905198777,51.02137,4.88944,2.21172,57.3816,48.95248,49.34625,50.12123,52.52856,54.55163,5.59915,5.96966,1.26213,1.12554,9.753,4.9685,5.167,5.459,6.701,7.6505,2.682,1.35139,0.02804,0.16747,2.11434,1.1928,1.23025,1.29206,1.45082,1.54899,0.35619,1.71457,0.0347,0.18662,3.0705,1.56847,1.61464,1.68245,1.7393,1.85991,0.29144,0.01766,0.00033,0.01812,0.061,0.00452,0.00589,0.00664,0.03222,0.05083,0.04631,0.0292,0.00117,0.03433,0.1626,0,0,0.01969,0.05069,0.0779,0.0779
33,3.007692308,59.54293,3.03314,1.74199,63.82149,57.53365,58.1906,59.36396,60.59247,62.11658,4.58292,10.34036,1.02369,1.01366,13.277,9.1355,9.659,10.125,10.909,11.916,2.7805,1.68781,0.00998,0.09988,1.90668,1.54264,1.61483,1.70622,1.75575,1.80288,0.26024,1.86008,0.00695,0.08354,2.09926,1.7647,1.79273,1.84184,1.92615,1.98014,0.21544,0.00409,0,0.00213,0.01068,0.00248,0.00308,0.00327,0.00363,0.00767,0.00519,0.06301,0.00279,0.05287,0.22939,0,0.01871,0.05826,0.09515,0.13624,0.13624
34,4.387195122,51.04141,6.46697,2.54361,62.65882,49.00556,49.63812,50.30061,51.4908,53.86632,4.86075,5.85024,2.52371,1.59158,19.23,4.9205,5.193,5.501,5.986,6.707,1.7865,1.30073,0.09162,0.3027,2.95924,1.13735,1.17129,1.22219,1.28103,1.44634,0.30899,1.73741,0.12742,0.35763,4.18918,1.55299,1.59053,1.6541,1.71611,1.90461,0.35162,0.01578,0.00007,0.0081,0.03408,0.00623,0.00839,0.01572,0.0208,0.02732,0.02108,0.07728,0.00319,0.0566,0.2816,0,0.03364,0.07405,0.10843,0.15785,0.15785
35,3.710365854,35.45641,4.96852,2.22954,46.76551,33.44246,34.38023,34.96946,35.64289,37.51824,4.07577,1.57402,0.09456,0.30807,4.002,1.3085,1.417,1.546,1.652,1.783,0.4745,0.11588,0.01478,0.12157,0.87553,0.01915,0.04331,0.07873,0.14828,0.26262,0.24347,1.56075,0.01252,0.11209,1.89494,1.43012,1.50779,1.55828,1.62019,1.69384,0.26371,0.00437,0.00002,0.00443,0.01696,0.00124,0.00176,0.00237,0.00425,0.0129,0.01166,0.07401,0.00488,0.07002,0.47237,0,0.02407,0.0643,0.10855,0.15863,0.15863
36,3.848024316,35.36105,0.80489,0.89737,37.85053,34.11841,34.70625,35.37764,35.95004,36.53763,2.41922,1.59817,0.03349,0.18336,2.133,1.3555,1.464,1.591,1.711,1.829,0.4735,0.1433,0.00722,0.08497,0.35445,0.02313,0.07394,0.14498,0.19545,0.26426,0.24114,1.48326,0.00892,0.09464,1.85433,1.36952,1.42054,1.4737,1.53497,1.60387,0.23435,0.00279,0,0.00133,0.00547,0.00149,0.0017,0.00228,0.00384,0.00499,0.0035,0.03135,0.00137,0.03706,0.1598,0,0,0.0215,0.05485,0.0828,0.0828
37,2.764525994,57.86168,26.79139,5.17724,64.91037,50.18516,51.62425,60.89594,61.79582,62.7109,12.52573,11.24608,16.07179,4.01644,18.53,5.987,6.52,13.245,14.363,15.5035,9.5165,1.67375,0.0877,0.29616,2.07165,1.2413,1.35361,1.8168,1.93195,1.98394,0.74264,2.62872,0.2988,0.54765,3.57667,1.8884,2.06237,2.82467,3.08278,3.28937,1.40097,0.00978,0.00002,0.00495,0.02392,0.00446,0.00583,0.00849,0.01271,0.01758,0.01311,0.07333,0.00208,0.04567,0.26406,0.0197,0.03986,0.06919,0.1032,0.13565,0.11595
38,4.127659574,16.64658,7.97309,2.82432,29.43848,14.22787,14.98726,16.01994,16.96057,19.99101,5.76314,0.08799,0.02117,0.14577,1.065,0.0185,0.029,0.043,0.082,0.191,0.1725,0,0,0,0,0,0,0,0,0,0,0.39425,0.75763,0.87204,3.00052,0,0,0,0,2.25871,2.25871,0.00518,0.00002,0.00494,0.02198,0.00171,0.00237,0.00337,0.00569,0.01253,0.01082,0.00403,0.00031,0.01756,0.12665,0,0,0,0,0,0
39,4.871165644,60.72685,3.44925,1.85765,65.40421,58.41006,59.20776,60.73843,62.06265,63.18414,4.77408,10.59079,2.04929,1.4342,14.268,8.773,9.513,10.62,11.697,12.4455,3.6725,1.48661,0.03522,0.18768,2.34073,1.25822,1.36842,1.48825,1.58959,1.68221,0.42399,1.79626,0.03483,0.18697,2.33576,1.56085,1.66486,1.77479,1.9313,2.05284,0.49199,0.0338,0.00008,0.00871,0.06056,0.0239,0.02818,0.03306,0.0372,0.04762,0.02372,0.20645,0.01164,0.10809,0.51667,0.0677,0.12596,0.19403,0.28235,0.35068,0.28298
40,3.993920973,38.10897,5.09101,2.25685,46.28145,35.96667,36.55514,37.50508,39.107,41.15671,5.19004,2.01911,0.46207,0.68102,5.402,1.491,1.597,1.801,2.198,2.795,1.304,0.37754,0.06222,0.24944,1.07095,0.13792,0.19974,0.2771,0.51683,0.77532,0.63741,1.44075,0.03976,0.19977,2.20066,1.24129,1.29321,1.38733,1.52665,1.75264,0.51135,0.009,0.00003,0.00581,0.02091,0.00368,0.00422,0.00645,0.01451,0.01887,0.01519,0.04817,0.00249,0.05002,0.27466,0,0,0.03735,0.07483,0.11724,0.11724
41,5.20668693,60.1625,3.85672,1.96431,64.8035,56.92169,59.27582,60.30642,61.18559,62.80066,5.87897,12.87246,3.58255,1.89629,18.14,10.471,11.707,12.883,13.893,15.1625,4.6915,2.26608,0.05094,0.2257,2.918,2.01866,2.10426,2.24895,2.41483,2.57576,0.5571,2.71699,0.05133,0.22698,3.41687,2.48782,2.56585,2.64485,2.85991,3.01501,0.52719,0.00531,0,0.0018,0.00832,0.00265,0.00351,0.00553,0.00682,0.00747,0.00482,0.01879,0.00064,0.02525,0.11874,0,0,0,0.03624,0.05921,0.05921
42,2.541033435,33.60445,4.5848,2.14171,39.77599,31.07555,31.88114,33.30466,35.09432,36.62325,5.54769,1.55392,0.15536,0.39489,2.799,1.096,1.228,1.503,1.871,2.0845,0.9885,0.04458,0.00276,0.05257,0.22964,0.00006,0.00366,0.02203,0.07112,0.12122,0.12116,2.92118,0.06614,0.25766,3.61729,2.57983,2.71156,2.94096,3.09645,3.25052,0.67069,0.00971,0.00002,0.00434,0.01848,0.00416,0.00557,0.00967,0.01267,0.01619,0.01203,0.06404,0.00435,0.0661,0.29276,0,0,0.04921,0.11195,0.15774,0.15774
43,4.097560976,18.4726,2.87163,1.69498,24.43082,16.39912,17.27053,18.2451,19.57027,20.82895,4.42984,0.11688,0.00759,0.08726,0.53,0.022,0.046,0.094,0.165,0.2515,0.2295,0,0,0,0,0,0,0,0,0,0,1.11971,1.49078,1.22325,3.35211,0,0,0,2.18392,2.97357,2.97357,0.00312,0,0.00105,0.00558,0.00196,0.00233,0.00287,0.00391,0.00474,0.00278,0.00206,0.00019,0.01373,0.1671,0,0,0,0,0,0
44,3.054545455,48.92113,45.9423,6.77965,59.27594,39.09002,42.80242,49.2634,55.46157,57.81723,18.72721,4.92816,8.83899,2.97859,11.413,1.7895,2.169,4.111,7.199,9.6985,7.909,1.04671,0.1612,0.40151,1.67959,0.48518,0.68182,1.07016,1.43381,1.57407,1.08889,1.46833,0.05776,0.24079,1.94885,1.17831,1.25244,1.42406,1.70448,1.80878,0.63047,0.07453,0.00009,0.00974,0.09357,0.06148,0.06596,0.07477,0.08205,0.08842,0.02694,0.07276,0.00309,0.05566,0.23156,0,0.0294,0.06963,0.10565,0.15132,0.15132
