id,file_name,place,create_time,Leq,Pctn,陶模型判定,新模型输出,抽样,
2,Record85823,M01,2021/11/6 11:36:47,54.3125,0.146498,3,2.76453,1,1
4,Record85826,M01,2021/11/6 11:42:46,55.2321,0.205802,3,4.6319,2,2
6,Record85828,M01,2021/11/6 11:46:46,50.5334,0.361827,3,2.76453,3,3
66,Record85897,M01,2021/11/6 14:04:43,50.2061,0.406511,3,4.28875,4,4
119,Record85955,M01,2021/11/6 16:00:43,50.8922,0.410303,3,4.6319,5,5
137,Record85974,M01,2021/11/6 16:38:46,50.6342,0.629933,3,4.87117,6,6
138,Record85975,M01,2021/11/6 16:40:44,54.3567,0.547074,3,4.6319,7,7
159,Record85999,M01,2021/11/6 17:28:43,50.0326,0.417594,3,4.3769,8,8
168,Record86009,M01,2021/11/6 17:48:43,50.4466,0.608252,3,2.76453,9,9
172,Record86013,M01,2021/11/6 17:56:43,52.0417,0.469191,3,4.28875,10,0
209,Record86055,M01,2021/11/6 19:20:43,54.0849,0.588691,3,4.3769,11,1
216,Record86063,M01,2021/11/6 19:36:45,50.9904,0.394341,3,2.76453,12,2
227,Record86075,M01,2021/11/6 20:00:43,51.81,0.601428,3,4.3872,13,3
242,Record86091,M01,2021/11/6 20:32:45,51.178,0.29237,3,5.34016,14,4
254,Record86103,M01,2021/11/6 20:56:44,50.8764,0.136588,3,4.39024,15,5
261,Record86110,M01,2021/11/6 21:10:44,50.131,0.247826,3,4.39024,16,6
273,Record86122,M01,2021/11/6 21:34:44,50.9344,0.371154,3,4.39024,17,7
289,Record86138,M01,2021/11/6 22:06:44,50.8754,0.385261,3,4.39024,18,8
294,Record86143,M01,2021/11/6 22:16:44,51.5817,0.443942,3,5.34016,19,9
295,Record86144,M01,2021/11/6 22:18:44,53.7633,0.306732,3,5.34016,20,0
296,Record86145,M01,2021/11/6 22:20:44,53.2422,0.240092,3,4.17213,21,1
297,Record86146,M01,2021/11/6 22:22:45,55.7322,0.292217,3,5.34016,22,2
298,Record86147,M01,2021/11/6 22:24:45,52.4712,0.403906,3,5.34016,23,3
299,Record86148,M01,2021/11/6 22:26:44,51.0003,0.313329,3,5.34016,24,4
303,Record86152,M01,2021/11/6 22:34:46,53.2608,0.254561,3,4.17213,25,5
306,Record86156,M01,2021/11/6 22:42:44,50.971,0.312446,3,5.34016,26,6
307,Record86157,M01,2021/11/6 22:44:44,50.2823,0.338768,3,4.17213,27,7
308,Record86158,M01,2021/11/6 22:46:44,50.3537,0.376096,3,4.17213,28,8
332,Record86186,M01,2021/11/6 23:43:00,50.5696,#N/A,3,2.76453,29,9
519,Record86395,M01,2021/11/7 6:40:48,50.8668,0.690754,3,5.60246,30,0
521,Record86397,M01,2021/11/7 6:44:50,50.9436,0.627637,3,5.27134,31,1
534,Record86411,M01,2021/11/7 7:12:49,50.8508,0.68332,3,3.93852,32,2
547,Record86425,M01,2021/11/7 7:40:50,51.9045,0.53507,3,4.17213,33,3
567,Record86446,M01,2021/11/7 8:22:49,52.735,0.563442,3,4.28875,34,4
570,Record86449,M01,2021/11/7 8:28:49,50.4764,0.470069,3,4.87117,35,5
632,Record86517,M01,2021/11/7 10:44:50,50.872,0.350751,3,4.3769,36,6
642,Record86527,M01,2021/11/7 11:04:50,51.2078,0.248109,3,3.99392,37,7
656,Record86542,M01,2021/11/7 11:34:50,50.5034,0.330209,3,4.6319,38,8
657,Record86543,M01,2021/11/7 11:36:52,52.7251,0.387847,3,5.27134,39,9
664,Record86550,M01,2021/11/7 11:50:51,50.4831,0.396725,3,2.60909,40,0
671,Record86558,M01,2021/11/7 12:06:51,51.208,0.156401,3,2.76453,41,1
683,Record86571,M01,2021/11/7 12:32:52,50.4805,0.535312,3,4.6319,42,2
724,Record86616,M01,2021/11/7 14:02:53,53.8028,0.469231,3,4.6319,43,3
726,Record86618,M01,2021/11/7 14:06:53,58.6718,0.452282,3,3.05455,44,4
737,Record86630,M01,2021/11/7 14:30:53,52.3838,0.462738,3,4.6319,45,5
754,Record86648,M01,2021/11/7 15:06:53,50.9957,0.699665,3,4.17213,46,6
760,Record86655,M01,2021/11/7 15:20:53,52.6325,0.565772,3,4.10246,47,7
761,Record86657,M01,2021/11/7 15:24:54,50.414,0.630961,3,4.10246,48,8
768,Record86664,M01,2021/11/7 15:38:53,53.1622,0.438186,3,4.3872,49,9
769,Record86665,M01,2021/11/7 15:40:54,57.3731,0.441682,3,4.87117,50,0
770,Record86666,M01,2021/11/7 15:42:57,55.2858,0.440758,3,4.87117,51,1
773,Record86670,M01,2021/11/7 15:50:53,55.3769,0.504321,3,4.6319,52,2
807,Record86706,M01,2021/11/7 17:02:54,52.4473,0.435908,3,4.6319,53,3
815,Record86715,M01,2021/11/7 17:20:55,51.6438,0.532339,3,2.76453,54,4
847,Record86787,M01,2021/11/8 10:36:45,50.8998,0.260309,3,5.34016,55,5
854,Record86796,M01,2021/11/8 10:54:44,51.5597,0.273744,3,3.9052,56,6
857,Record86799,M01,2021/11/8 11:00:44,51.7673,0.250381,3,4.17213,57,7
867,Record86811,M01,2021/11/8 11:24:42,50.6151,0.296145,3,4.6319,58,8
876,Record86820,M01,2021/11/8 11:42:42,50.3878,0.348945,3,5.27134,59,9
878,Record86822,M01,2021/11/8 11:46:44,52.0037,0.270498,3,2.76453,60,0
891,Record86836,M01,2021/11/8 12:14:44,50.0083,0.471483,3,4.69262,61,1
895,Record86840,M01,2021/11/8 12:22:42,50.0683,0.387529,3,2.60909,62,2
901,Record86848,M01,2021/11/8 12:38:44,50.9157,0.290239,3,2.76453,63,3
923,Record86873,M01,2021/11/8 13:28:42,50.6475,0.43735,3,2.76453,64,4
927,Record86877,M01,2021/11/8 13:36:42,50.8317,0.31534,3,4.27217,65,5
932,Record86882,M01,2021/11/8 13:46:42,51.2603,0.521711,3,4.27217,66,6
936,Record86886,M01,2021/11/8 13:54:41,50.049,0.549718,3,5.27134,67,7
938,Record86888,M01,2021/11/8 13:58:43,51.3604,0.478773,3,5.27134,68,8
939,Record86889,M01,2021/11/8 14:00:41,50.2881,0.468756,3,4.39024,69,9
940,Record86890,M01,2021/11/8 14:02:41,50.5191,0.53698,3,4.27217,70,0
941,Record86891,M01,2021/11/8 14:04:41,52.3746,0.504569,3,4.00912,71,1
943,Record86894,M01,2021/11/8 14:10:42,50.1353,0.338185,3,4.27217,72,2
945,Record86896,M01,2021/11/8 14:14:41,50.8343,0.32611,3,5.27134,73,3
946,Record86897,M01,2021/11/8 14:16:41,53.4724,0.510644,3,4.27217,74,4
948,Record86899,M01,2021/11/8 14:20:42,53.184,0.446427,3,2.76453,75,5
949,Record86900,M01,2021/11/8 14:22:41,50.2588,0.413252,3,4.39024,76,6
950,Record86901,M01,2021/11/8 14:24:42,50.4632,0.393549,3,5.45289,77,7
951,Record86902,M01,2021/11/8 14:26:41,52.9155,0.485818,3,2.76453,78,8
953,Record86904,M01,2021/11/8 14:30:41,50.9793,0.43217,3,2.60909,79,9
955,Record86906,M01,2021/11/8 14:34:41,50.1944,0.384847,3,5.60246,80,0
956,Record86907,M01,2021/11/8 14:36:41,51.9114,0.355913,3,4.17213,81,1
957,Record86908,M01,2021/11/8 14:38:41,51.4877,0.399784,3,4.00912,82,2
959,Record86910,M01,2021/11/8 14:42:41,51.9744,0.291659,3,4.17213,83,3
960,Record86911,M01,2021/11/8 14:44:42,52.0492,0.27768,3,5.27134,84,4
961,Record86912,M01,2021/11/8 14:46:41,50.5079,0.243064,3,3.9052,85,5
962,Record86913,M01,2021/11/8 14:48:41,52.0609,0.324376,3,2.76453,86,6
964,Record86915,M01,2021/11/8 14:52:41,54.0073,0.362982,3,4.17213,87,7
965,Record86916,M01,2021/11/8 14:54:42,53.7449,0.280892,3,4.17213,88,8
966,Record86918,M01,2021/11/8 14:58:41,52.6245,0.375676,3,4.31967,89,9
972,Record86924,M01,2021/11/8 15:10:41,50.3646,0.341298,3,4.00912,90,0
973,Record86925,M01,2021/11/8 15:12:41,52.4721,0.345414,3,5.27134,91,1
974,Record86926,M01,2021/11/8 15:14:42,50.8302,0.214967,3,4.87117,92,2
976,Record86928,M01,2021/11/8 15:18:41,51.3908,0.470736,3,4.00912,93,3
977,Record86929,M01,2021/11/8 15:20:41,50.5958,0.269154,3,5.27134,94,4
979,Record86932,M01,2021/11/8 15:26:42,53.784,0.22526,3,4.87117,95,5
980,Record86933,M01,2021/11/8 15:28:41,50.9779,0.284276,3,4.17213,96,6
981,Record86934,M01,2021/11/8 15:30:41,50.108,0.340251,3,4.17213,97,7
982,Record86935,M01,2021/11/8 15:32:44,52.2949,0.361489,3,4.17213,98,8
984,Record86937,M01,2021/11/8 15:36:41,51.0668,0.283637,3,5.27134,99,9
985,Record86938,M01,2021/11/8 15:38:41,50.7107,0.357417,3,5.27134,100,0
986,Record86939,M01,2021/11/8 15:40:42,50.7127,0.170405,3,3.9052,101,1
992,Record86946,M01,2021/11/8 15:54:42,55.4216,0.299155,3,2.76453,102,2
994,Record86948,M01,2021/11/8 15:58:41,53.2661,0.266934,3,4.17213,103,3
995,Record86949,M01,2021/11/8 16:00:42,51.2052,0.205903,3,5.27134,104,4
997,Record86951,M01,2021/11/8 16:04:43,52.0095,0.200619,3,4.6319,105,5
1000,Record86954,M01,2021/11/8 16:10:42,51.5801,0.363365,3,4.00912,106,6
1004,Record86959,M01,2021/11/8 16:20:43,50.71,0.283758,3,4.17213,107,7
1007,Record86962,M01,2021/11/8 16:26:41,50.3891,#N/A,3,4.00912,108,8
1010,Record86965,M01,2021/11/8 16:32:42,53.5989,0.235661,3,4.6319,109,9
1011,Record86966,M01,2021/11/8 16:34:42,50.7011,0.353576,3,4.00912,110,0
1014,Record86969,M01,2021/11/8 16:40:42,50.661,0.43093,3,4.00912,111,1
1015,Record86971,M01,2021/11/8 16:44:43,51.3743,0.465877,3,4.17213,112,2
1016,Record86972,M01,2021/11/8 16:46:42,50.9522,0.534752,3,4.00912,113,3
1017,Record86973,M01,2021/11/8 16:48:41,50.8901,0.417441,3,4.00912,114,4
1018,Record86974,M01,2021/11/8 16:50:42,52.5588,0.297769,3,4.17213,115,5
1019,Record86975,M01,2021/11/8 16:52:44,51.6248,0.232656,3,4.87117,116,6
1022,Record86978,M01,2021/11/8 16:58:42,51.0978,0.195347,3,5.27134,117,7
1023,Record86979,M01,2021/11/8 17:00:42,50.278,0.205511,3,3.9052,118,8
1024,Record86980,M01,2021/11/8 17:02:41,50.9755,0.298245,3,4.87117,119,9
1025,Record86982,M01,2021/11/8 17:06:42,51.5613,0.178533,3,4.28875,120,0
1027,Record86985,M01,2021/11/8 17:12:44,50.9774,0.232834,3,4.17213,121,1
1029,Record86987,M01,2021/11/8 17:16:42,52.4892,0.26968,3,4.17213,122,2
1031,Record86989,M01,2021/11/8 17:20:43,50.4191,0.292085,3,5.27134,123,3
1032,Record86990,M01,2021/11/8 17:22:41,52.6987,0.205592,3,4.17213,124,4
1033,Record86991,M01,2021/11/8 17:24:41,52.9017,0.225342,3,2.76453,125,5
1035,Record86993,M01,2021/11/8 17:28:41,51.4695,0.360634,3,4.17213,126,6
1037,Record86996,M01,2021/11/8 17:34:41,50.7402,0.36985,3,4.00912,127,7
1039,Record86998,M01,2021/11/8 17:38:41,50.9773,0.244478,3,4.17213,128,8
1040,Record86999,M01,2021/11/8 17:40:41,54.0211,0.166795,3,4.6319,129,9
1041,Record87000,M01,2021/11/8 17:42:41,50.382,0.218002,3,4.87117,130,0
1044,Record87003,M01,2021/11/8 17:48:41,50.9394,0.18017,3,5.27134,131,1
1045,Record87004,M01,2021/11/8 17:50:41,50.1311,0.236564,3,3.9052,132,2
1057,Record87018,M01,2021/11/8 18:18:42,50.1226,0.349691,3,4.00912,133,3
1125,Record87093,M01,2021/11/8 20:48:41,50.2287,0.098991,3,4.6319,134,4
1435,Record87432,M01,2021/11/9 8:06:44,52.6113,0.491528,3,4.6319,135,5
1438,Record87436,M01,2021/11/9 8:14:43,51.2956,0.510008,3,4.6319,136,6
1439,Record87437,M01,2021/11/9 8:16:43,50.0815,0.49139,3,5.27134,137,7
1444,Record87442,M01,2021/11/9 8:26:43,53.1313,0.415797,3,4.6319,138,8
1451,Record87450,M01,2021/11/9 8:42:43,55.3449,0.377462,3,2.89344,139,9
1455,Record87454,M01,2021/11/9 8:50:43,54.4705,0.383658,3,2.89344,140,0
1511,Record87513,M01,2021/11/9 10:48:44,51.0746,0.131278,3,4.6319,141,1
1564,Record87569,M01,2021/11/9 12:40:44,52.3959,0.15458,3,4.3872,142,2
1831,Record87851,M01,2021/11/9 22:04:49,51.0055,0.065503,3,2.76453,143,3
1974,Record88172,M01,2021/11/10 8:47:01,52.3942,0.312234,3,4.6319,144,4
1995,Record88570,M01,2021/11/11 10:44:45,50.9307,0.248851,3,2.76453,145,5
1997,Record88573,M01,2021/11/11 10:50:43,55.603,0.125683,3,2.76453,146,6
2014,Record88592,M01,2021/11/11 11:28:46,55.4418,0.090957,3,4.6319,147,7
2079,Record88665,M01,2021/11/11 13:54:43,51.8789,0.369033,3,4.6319,148,8
2162,Record88758,M01,2021/11/11 17:00:43,51.175,0.316877,3,2.76453,149,9
2175,Record88772,M01,2021/11/11 17:28:44,50.4823,0.406449,3,4.39024,150,0
2176,Record88774,M01,2021/11/11 17:32:43,50.5688,0.292366,3,4.39024,151,1
2181,Record88779,M01,2021/11/11 17:42:43,51.3352,0.295535,3,3.9052,152,2
2182,Record88780,M01,2021/11/11 17:44:43,52.0133,0.522243,3,5.27134,153,3
2183,Record88781,M01,2021/11/11 17:46:43,51.9211,0.247023,3,3.99392,154,4
2184,Record88782,M01,2021/11/11 17:48:43,52.1155,0.29462,3,4.28875,155,5
2189,Record88787,M01,2021/11/11 17:58:43,51.2488,0.150358,3,4.39024,156,6
2190,Record88788,M01,2021/11/11 18:00:43,55.4265,0.282687,3,3.9052,157,7
2191,Record88789,M01,2021/11/11 18:02:43,53.2067,0.21648,3,3.9052,158,8
2193,Record88791,M01,2021/11/11 18:06:44,50.0529,0.115639,3,3.84802,159,9
2195,Record88793,M01,2021/11/11 18:10:43,50.1615,0.188431,3,4.39024,160,0
2196,Record88794,M01,2021/11/11 18:12:45,51.4266,0.155795,3,3.84802,161,1
2198,Record88796,M01,2021/11/11 18:16:43,50.1759,0.190536,3,4.39024,162,2
2199,Record88797,M01,2021/11/11 18:18:43,51.6752,0.224492,3,4.69262,163,3
2212,Record88811,M01,2021/11/11 18:46:44,50.6061,0.261462,3,4.69262,164,4
2221,Record88820,M01,2021/11/11 19:04:43,50.2593,0.239355,3,4.39024,165,5
2224,Record88823,M01,2021/11/11 19:10:44,50.7632,0.18262,3,4.39024,166,6
2227,Record88826,M01,2021/11/11 19:16:44,51.1993,0.113679,3,4.39024,167,7
2228,Record88828,M01,2021/11/11 19:20:43,52.6028,0.098252,3,4.39024,168,8
2229,Record88829,M01,2021/11/11 19:22:44,51.4643,0.116213,3,4.39024,169,9
2231,Record88831,M01,2021/11/11 19:26:43,52.5085,0.173698,3,4.39024,170,0
2232,Record88832,M01,2021/11/11 19:28:43,52.6361,0.084483,3,4.3769,171,1
2242,Record88842,M01,2021/11/11 19:48:43,50.0716,0.095925,3,4.39024,172,2
2284,Record88886,M01,2021/11/11 21:16:46,50.2894,0.14051,3,4.6319,173,3
2286,Record88888,M01,2021/11/11 21:20:46,51.3254,0.132045,3,4.6319,174,4
2658,Record89294,M01,2021/11/12 10:52:50,53.5026,0.353066,3,2.76453,175,5
2671,Record89307,M01,2021/11/12 11:18:51,53.9441,0.139512,3,4.6319,176,6
2677,Record89313,M01,2021/11/12 11:30:50,50.4479,0.260531,3,2.76453,177,7
2695,Record89332,M01,2021/11/12 12:08:51,56.4718,0.298766,3,2.76453,178,8
2700,Record89337,M01,2021/11/12 12:18:51,57.5033,0.09838,3,2.76453,179,9
2702,Record89339,M01,2021/11/12 12:22:52,54.7223,0.16081,3,2.76453,180,0
2777,Record89421,M01,2021/11/12 15:06:53,56.6273,0.219767,3,2.76453,181,1
2780,Record89424,M01,2021/11/12 15:12:53,53.1301,0.304384,3,2.76453,182,2
2783,Record89428,M01,2021/11/12 15:20:54,56.3762,0.287114,3,2.76453,183,3
2787,Record89432,M01,2021/11/12 15:28:54,52.7112,0.289794,3,2.76453,184,4
2809,Record89457,M01,2021/11/12 16:18:54,51.882,0.270882,3,3.96024,185,5
2823,Record89471,M01,2021/11/12 16:46:54,50.9635,0.439202,3,4.28875,186,6
2835,Record89485,M01,2021/11/12 17:14:56,52.7537,0.155071,3,2.76453,187,7
2836,Record89486,M01,2021/11/12 17:16:54,50.8516,0.527099,3,4.3769,188,8
2842,Record89492,M01,2021/11/12 17:28:55,52.6566,0.208973,3,4.3769,189,9
2852,Record89503,M01,2021/11/12 17:50:57,51.1553,0.070147,3,4.6319,190,0
2853,Record89504,M01,2021/11/12 17:52:56,52.5838,0.120166,3,4.6319,191,1
2896,Record89550,M01,2021/11/12 19:24:56,50.8759,0.034747,3,4.87117,192,2
2907,Record89562,M01,2021/11/12 19:49:01,50.7641,0.105596,3,4.6319,193,3
2909,Record89564,M01,2021/11/12 19:52:57,50.3089,0.214618,3,4.27217,194,4
2918,Record89574,M01,2021/11/12 20:12:57,52.3236,0.093937,3,4.17213,195,5
2925,Record89581,M01,2021/11/12 20:26:59,50.6785,0.150323,3,4.39024,196,6
2965,Record89625,M01,2021/11/12 21:54:58,50.5208,0.188642,3,3.99392,197,7
3264,Record89944,M01,2021/11/13 8:33:11,52.9512,0.488376,3,4.6319,198,8
3265,Record89945,M01,2021/11/13 8:35:11,54.9083,0.40514,3,2.76453,199,9
3268,Record89948,M01,2021/11/13 8:41:11,50.9573,0.558737,3,4.87117,200,0
3271,Record89951,M01,2021/11/13 8:47:12,61.251,0.135121,3,4.6319,201,1
3315,Record89997,M01,2021/11/13 10:19:14,50.305,0.351747,3,2.60909,202,2
3317,Record89999,M01,2021/11/13 10:23:14,50.1868,0.239022,3,3.62705,203,3
3318,Record90000,M01,2021/11/13 10:25:13,51.9056,0.231606,3,2.60909,204,4
3329,Record90012,M01,2021/11/13 10:49:14,53.4949,0.191352,3,2.76453,205,5
3463,Record90156,M01,2021/11/13 15:37:22,52.0873,0.28484,3,2.76453,206,6
3484,Record90178,M01,2021/11/13 16:21:24,59.9248,0.275824,3,2.76453,207,7
3770,Record90573,M01,2021/11/14 15:22:44,50.0622,0.358696,3,4.3769,208,8
3771,Record90575,M01,2021/11/14 15:26:46,50.8819,0.440231,3,4.3769,209,9
3794,Record90605,M01,2021/11/14 16:26:42,51.796,0.423577,3,4.6319,210,0
3799,Record90610,M01,2021/11/14 16:36:43,50.7515,0.559114,3,4.28875,211,1
3824,Record90638,M01,2021/11/14 17:32:42,50.3323,0.322569,3,4.6319,212,2
3828,Record90643,M01,2021/11/14 17:42:43,50.2663,0.184545,3,4.39024,213,3
3833,Record90648,M01,2021/11/14 17:52:43,50.4766,0.03716,3,4.6319,214,4
3940,Record90910,M01,2021/11/16 10:50:45,51.3412,0.141884,3,2.76453,215,5
3948,Record90919,M01,2021/11/16 11:08:45,54.2388,0.069301,3,2.76453,216,6
4107,Record91086,M01,2021/11/16 16:42:41,50.6258,0.63217,3,3.05455,217,7
4253,Record91240,M01,2021/11/16 21:50:42,50.1941,0.284544,3,3.99392,218,8
4550,Record91553,M01,2021/11/17 8:16:44,50.3695,0.655541,3,4.17213,219,9
4578,Record91583,M01,2021/11/17 9:16:44,51.6785,0.491983,3,4.79508,220,0
4585,Record91590,M01,2021/11/17 9:30:44,50.4012,0.392049,3,5.45289,221,1
4586,Record91591,M01,2021/11/17 9:32:44,51.4871,0.255794,3,5.20669,222,2
4589,Record91594,M01,2021/11/17 9:38:44,51.647,0.33415,3,3.3769,223,3
4590,Record91595,M01,2021/11/17 9:40:44,52.7449,0.291397,3,3.3769,224,4
4593,Record91598,M01,2021/11/17 9:46:44,52.8541,0.577265,3,6.03659,225,5
4644,Record91652,M01,2021/11/17 11:34:44,53.4438,0.112652,3,2.76453,226,6
4660,Record91669,M01,2021/11/17 12:08:45,50.2123,0.207643,3,2.76453,227,7
4668,Record91678,M01,2021/11/17 12:26:45,58.431,0.17048,3,4.6319,228,8
4671,Record91681,M01,2021/11/17 12:32:45,50.4154,0.20104,3,2.60909,229,9
4675,Record91685,M01,2021/11/17 12:40:45,56.1593,0.126672,3,4.6319,230,0
4682,Record91692,M01,2021/11/17 12:54:45,54.5139,0.269631,3,2.76453,231,1
4734,Record91748,M01,2021/11/17 14:46:46,50.4348,0.192973,3,5.34016,232,2
4737,Record91751,M01,2021/11/17 14:52:48,51.6629,0.152169,3,5.34016,233,3
4746,Record91760,M01,2021/11/17 15:10:46,50.0502,0.476484,3,4.69262,234,4
4748,Record91762,M01,2021/11/17 15:14:46,52.4896,0.369246,3,4.6319,235,5
4752,Record91766,M01,2021/11/17 15:22:46,50.9563,0.250485,3,5.34016,236,6
4754,Record91769,M01,2021/11/17 15:28:46,51.0494,0.192409,3,3.9052,237,7
4917,Record91938,M01,2021/11/17 21:06:49,50.1236,0.1222,3,4.00912,238,8
4922,Record91943,M01,2021/11/17 21:16:49,50.2071,0.171256,3,4.00912,239,9
4925,Record91946,M01,2021/11/17 21:22:49,50.3556,0.132649,3,4.00912,240,0
5232,Record92267,M01,2021/11/18 8:04:57,58.4607,0.367465,3,2.76453,241,1
5234,Record92269,M01,2021/11/18 8:08:57,50.2451,0.398517,3,2.76453,242,2
5239,Record92274,M01,2021/11/18 8:18:58,57.8151,0.375138,3,4.28875,243,3
5249,Record92284,M01,2021/11/18 8:38:58,53.5378,0.277532,3,3.90769,244,4
5253,Record92288,M01,2021/11/18 8:46:58,50.7537,0.555924,3,4.00912,245,5
5254,Record92289,M01,2021/11/18 8:48:58,51.7964,0.336094,3,2.76453,246,6
5258,Record92293,M01,2021/11/18 8:56:58,51.2643,0.433331,3,2.76453,247,7
5297,Record92335,M01,2021/11/18 10:20:59,64.6103,0.101444,3,2.76453,248,8
5309,Record92349,M01,2021/11/18 10:49:00,57.1391,0.189028,3,2.76453,249,9
5313,Record92353,M01,2021/11/18 10:57:00,55.3085,0.387094,3,4.6319,250,0
5322,Record92362,M01,2021/11/18 11:15:00,50.8539,0.152027,3,4.6319,251,1
5324,Record92364,M01,2021/11/18 11:19:00,52.3744,0.356045,3,2.76453,252,2
5327,Record92367,M01,2021/11/18 11:25:00,55.4589,0.194964,3,3.05455,253,3
5349,Record92390,M01,2021/11/18 12:11:01,54.88,0.231678,3,4.3872,254,4
5404,Record92447,M01,2021/11/18 14:05:04,53.1652,0.270793,3,2.89344,255,5
5407,Record92450,M01,2021/11/18 14:11:04,58.3857,0.181241,3,2.76453,256,6
5436,Record92480,M01,2021/11/18 15:11:05,54.0907,0.336706,3,2.76453,257,7
5438,Record92482,M01,2021/11/18 15:15:05,57.2867,0.300979,3,2.76453,258,8
5475,Record92521,M01,2021/11/18 16:33:06,51.0717,0.465925,3,2.76453,259,9
5493,Record92540,M01,2021/11/18 17:11:07,50.0151,0.558167,3,4.6319,260,0
5551,Record92603,M01,2021/11/18 19:17:10,50.3967,0.076743,3,4.17213,261,1
6023,Record93094,M01,2021/11/19 11:39:39,55.6071,0.363415,3,3.05455,262,2
6035,Record93107,M01,2021/11/19 12:05:40,51.5943,0.449725,3,4.6319,263,3
6038,Record93110,M01,2021/11/19 12:11:41,56.3974,0.31812,3,2.76453,264,4
6059,Record93132,M01,2021/11/19 13:39:42,52.2398,0.336706,3,2.76453,265,5
6088,Record93163,M01,2021/11/19 15:43:44,53.5451,0.263634,3,4.28875,266,6
6093,Record93168,M01,2021/11/19 16:03:44,51.9636,0.153423,3,4.6319,267,7
6103,Record93178,M01,2021/11/19 16:43:45,50.4727,0.453868,3,2.60909,268,8
6316,Record93403,M01,2021/11/20 7:44:05,52.3064,0.743544,3,4.17213,269,9
6319,Record93406,M01,2021/11/20 7:56:05,51.2443,0.577318,3,2.76453,270,0
6322,Record93409,M01,2021/11/20 8:08:06,50.0002,0.727071,3,5.60246,271,1
6334,Record93422,M01,2021/11/20 9:00:08,52.2111,0.491657,3,4.3872,272,2
6343,Record93431,M01,2021/11/20 9:36:10,51.8887,0.426486,3,2.76453,273,3
6369,Record93459,M01,2021/11/20 11:28:13,51.0135,0.283864,3,2.76453,274,4
6381,Record93472,M01,2021/11/20 12:20:13,52.595,0.360245,3,2.76453,275,5
6448,Record93541,M01,2021/11/20 16:56:21,50.1717,0.165153,3,4.17213,276,6
6454,Record93547,M01,2021/11/20 17:20:22,53.2187,0.303884,3,4.3769,277,7
6460,Record93553,M01,2021/11/20 17:44:22,51.341,0.313974,3,2.76453,278,8
6546,Record93643,M01,2021/11/20 23:44:33,56.6733,0.201199,3,2.76453,279,9
6635,Record93783,M01,2021/11/21 7:30:47,50.0181,0.521228,3,4.87117,280,0
6649,Record93797,M01,2021/11/21 8:26:50,50.647,0.447091,3,4.39024,281,1
6653,Record93801,M01,2021/11/21 8:42:50,50.6241,0.360758,3,2.76453,282,2
6675,Record93826,M01,2021/11/21 10:22:53,51.6644,0.469905,3,3.37386,283,3
6676,Record93827,M01,2021/11/21 10:26:53,57.3622,0.242297,3,4.6319,284,4
6683,Record93834,M01,2021/11/21 10:54:55,62.4121,0.181792,3,2.76453,285,5
6699,Record93850,M01,2021/11/21 11:58:56,51.0082,0.47033,3,2.89344,286,6
6716,Record93867,M01,2021/11/21 13:06:58,55.7918,0.331675,3,4.6319,287,7
6739,Record93891,M01,2021/11/21 14:43:02,53.6926,0.313554,3,2.76453,288,8
6742,Record93894,M01,2021/11/21 14:55:04,53.4139,0.481166,3,2.76453,289,9
6764,Record93916,M01,2021/11/21 16:23:05,50.2896,0.438622,3,2.60909,290,0
6765,Record93917,M01,2021/11/21 16:27:05,56.5747,0.486217,3,2.76453,291,1
6778,Record93930,M01,2021/11/21 17:19:07,53.4975,0.413209,3,2.60909,292,2
6780,Record93932,M01,2021/11/21 17:27:07,59.031,0.141538,3,2.76453,293,3
6942,Record94102,M01,2021/11/22 4:47:31,50.0628,0.444841,3,6.56535,294,4
6992,Record94155,M01,2021/11/22 8:19:39,50.4432,0.433777,3,3.96024,295,5
6997,Record94160,M01,2021/11/22 8:39:42,52.9171,0.347822,3,3.9052,296,6
6998,Record94161,M01,2021/11/22 8:43:39,50.6129,0.39556,3,4.39024,297,7
6999,Record94162,M01,2021/11/22 8:47:40,50.0346,0.535997,3,4.27217,298,8
7000,Record94163,M01,2021/11/22 8:51:40,50.2161,0.27842,3,4.27217,299,9
7001,Record94164,M01,2021/11/22 8:55:40,51.9106,0.212941,3,3.93852,300,0
7002,Record94165,M01,2021/11/22 8:59:41,50.1433,0.356897,3,4.39024,301,1
7003,Record94166,M01,2021/11/22 9:05:41,51.9908,0.369473,3,3.96024,302,2
7006,Record94169,M01,2021/11/22 9:23:41,52.2238,0.533651,3,4.87117,303,3
7009,Record94172,M01,2021/11/22 9:41:41,50.5285,0.269921,3,3.93852,304,4
7011,Record94174,M01,2021/11/22 9:53:44,50.0897,0.404033,3,4.39024,305,5
7012,Record94175,M01,2021/11/22 9:59:42,50.4494,0.50427,3,4.39024,306,6
7021,Record94184,M01,2021/11/22 10:53:44,50.1858,0.411781,3,3.62705,307,7
7025,Record94188,M01,2021/11/22 11:17:45,52.3889,0.403146,3,2.76453,308,8
7028,Record94191,M01,2021/11/22 11:35:52,50.3884,0.413998,3,4.87117,309,9
7032,Record94195,M01,2021/11/22 11:59:51,55.973,0.215573,3,2.76453,310,0
7048,Record94213,M01,2021/11/22 13:47:50,51.4109,0.46494,3,4.39024,311,1
7056,Record94221,M01,2021/11/22 14:35:51,50.0443,0.42873,3,4.27217,312,2
7059,Record94224,M01,2021/11/22 14:53:51,50.3161,0.481127,3,4.39024,313,3
7062,Record94227,M01,2021/11/22 15:11:52,51.9657,0.423566,3,4.39024,314,4
7067,Record94232,M01,2021/11/22 15:41:53,50.1685,0.399135,3,4.39024,315,5
7072,Record94237,M01,2021/11/22 16:11:54,50.3027,0.473228,3,4.27217,316,6
7076,Record94241,M01,2021/11/22 16:35:54,51.8726,0.377993,3,3.62705,317,7
7077,Record94242,M01,2021/11/22 16:41:54,51.4874,0.321349,3,2.76453,318,8
7085,Record94251,M01,2021/11/22 17:35:56,59.2318,0.178181,3,2.76453,319,9
7217,Record94391,M01,2021/11/23 7:36:23,50.1438,0.419858,3,4.39024,320,0
7219,Record94393,M01,2021/11/23 7:48:24,50.2178,0.219201,3,4.39024,321,1
7226,Record94401,M01,2021/11/23 8:36:25,50.6562,0.432811,3,5.27134,322,2
7227,Record94402,M01,2021/11/23 8:42:26,50.2601,0.401144,3,4.87117,323,3
7228,Record94403,M01,2021/11/23 8:48:26,51.3552,0.380061,3,4.87117,324,4
7242,Record94418,M01,2021/11/23 10:18:29,50.0405,0.452146,3,4.39024,325,5
7244,Record94420,M01,2021/11/23 10:30:30,50.0412,0.278419,3,4.39024,326,6
7252,Record94428,M01,2021/11/23 11:18:31,55.3365,0.244968,3,2.76453,327,7
7269,Record94446,M01,2021/11/23 13:06:33,57.8719,0.167528,3,2.76453,328,8
7281,Record94460,M01,2021/11/23 14:30:38,53.3783,0.264368,3,2.76453,329,9
7283,Record94462,M01,2021/11/23 14:42:36,50.7765,0.372209,3,4.39024,330,0
7286,Record94465,M01,2021/11/23 15:00:37,50.0696,0.093252,3,4.87117,331,1
7288,Record94468,M01,2021/11/23 15:18:37,51.2075,0.18637,3,3.62705,332,2
7290,Record94470,M01,2021/11/23 15:30:39,50.7318,0.145796,3,4.28875,333,3
7295,Record94475,M01,2021/11/23 16:00:39,51.2107,0.434856,3,5.27134,334,4
7297,Record94477,M01,2021/11/23 16:12:40,50.6161,0.122493,3,4.87117,335,5
7298,Record94478,M01,2021/11/23 16:18:39,51.4702,0.220744,3,3.62705,336,6
7299,Record94479,M01,2021/11/23 16:24:40,53.2293,0.116933,3,3.62705,337,7
7300,Record94480,M01,2021/11/23 16:30:40,53.5062,0.264783,3,3.62705,338,8
7305,Record94485,M01,2021/11/23 17:00:40,51.1312,0.174407,3,4.6319,339,9
7306,Record94486,M01,2021/11/23 17:06:41,54.3629,0.228823,3,4.6319,340,0
7309,Record94489,M01,2021/11/23 17:24:42,50.286,0.541687,3,4.39024,341,1
7321,Record94502,M01,2021/11/23 18:42:45,53.5193,0.066164,3,4.6319,342,2
7452,Record94637,M01,2021/11/24 8:13:14,53.8503,0.320064,3,3.90769,343,3
7453,Record94638,M01,2021/11/24 8:19:14,52.1616,0.265256,3,3.90769,344,4
7454,Record94639,M01,2021/11/24 8:25:14,53.0678,0.343219,3,3.37386,345,5
7456,Record94641,M01,2021/11/24 8:37:15,53.7356,0.408069,3,3.90769,346,6
7457,Record94642,M01,2021/11/24 8:43:15,52.796,0.367013,3,3.62705,347,7
7458,Record94643,M01,2021/11/24 8:49:16,52.9288,0.437957,3,3.90769,348,8
7459,Record94644,M01,2021/11/24 8:55:15,57.9334,0.473134,3,2.76453,349,9
7460,Record94645,M01,2021/11/24 9:01:16,53.3726,0.200633,3,4.87117,350,0
7461,Record94646,M01,2021/11/24 9:07:15,51.6706,0.180534,3,4.10246,351,1
7462,Record94647,M01,2021/11/24 9:13:16,56.2059,0.237384,3,4.17213,352,2
7470,Record94655,M01,2021/11/24 10:01:17,58.0172,0.168583,3,2.76453,353,3
7472,Record94657,M01,2021/11/24 10:13:18,52.4105,0.384392,3,3.90769,354,4
7494,Record94681,M01,2021/11/24 12:37:22,55.0908,0.168423,3,2.76453,355,5
7505,Record94693,M01,2021/11/24 13:49:24,51.3201,0.252697,3,3.90769,356,6
7506,Record94694,M01,2021/11/24 13:55:25,53.293,0.577197,3,3.90769,357,7
7507,Record94695,M01,2021/11/24 14:01:24,52.7577,0.671994,3,3.90769,358,8
7508,Record94696,M01,2021/11/24 14:07:25,52.3945,0.220111,3,3.90769,359,9
7509,Record94697,M01,2021/11/24 14:13:25,50.5028,0.125253,3,3.90769,360,0
7510,Record94698,M01,2021/11/24 14:19:26,52.8599,0.42508,3,3.90769,361,1
7511,Record94699,M01,2021/11/24 14:25:25,51.9842,0.352785,3,3.90769,362,2
7513,Record94701,M01,2021/11/24 14:37:26,50.6213,0.055362,3,2.76453,363,3
7527,Record94715,M01,2021/11/24 15:24:41,50.673,0.206785,3,2.76453,364,4
7528,Record94716,M01,2021/11/24 15:26:41,50.7395,0.32571,3,4.28875,365,5
7530,Record94718,M01,2021/11/24 15:30:41,50.118,0.380318,3,2.60909,366,6
7531,Record94719,M01,2021/11/24 15:32:41,55.6472,0.368834,3,2.76453,367,7
7534,Record94722,M01,2021/11/24 15:38:41,50.0712,0.218043,3,3.62705,368,8
7543,Record94732,M01,2021/11/24 15:58:41,51.8613,0.228919,3,2.76453,369,9
7546,Record94735,M01,2021/11/24 16:04:41,50.3034,0.25699,3,2.60909,370,0
7862,Record95181,M01,2021/11/25 6:56:43,50.0154,0.735522,3,4.17213,371,1
7886,Record95207,M01,2021/11/25 7:48:43,56.9227,0.209259,3,2.76453,372,2
7888,Record95209,M01,2021/11/25 7:52:43,56.1319,0.211112,3,4.28875,373,3
7890,Record95211,M01,2021/11/25 7:56:42,50.6817,0.108363,3,3.62705,374,4
7891,Record95212,M01,2021/11/25 7:58:43,51.6282,0.343364,3,4.00912,375,5
7892,Record95213,M01,2021/11/25 8:00:42,54.8655,0.304019,3,4.17213,376,6
7902,Record95223,M01,2021/11/25 8:20:42,52.6984,0.269254,3,3.62705,377,7
7903,Record95224,M01,2021/11/25 8:22:42,53.9328,0.491203,3,2.76453,378,8
7905,Record95226,M01,2021/11/25 8:26:43,52.1399,0.4128,3,4.87117,379,9
7907,Record95228,M01,2021/11/25 8:30:43,52.2553,0.296,3,2.76453,380,0
7908,Record95229,M01,2021/11/25 8:32:42,52.8907,0.353607,3,2.76453,381,1
7911,Record95232,M01,2021/11/25 8:38:43,59.5359,0.308668,3,2.76453,382,2
7914,Record95235,M01,2021/11/25 8:44:42,52.9204,0.22748,3,2.76453,383,3
7916,Record95237,M01,2021/11/25 8:48:43,52.61,0.283895,3,3.62705,384,4
7917,Record95238,M01,2021/11/25 8:50:43,53.5367,0.289039,3,4.00912,385,5
7943,Record95267,M01,2021/11/25 9:48:43,53.9431,0.26213,3,4.17213,386,6
7947,Record95272,M01,2021/11/25 9:58:43,57.9664,0.21047,3,4.6319,387,7
7948,Record95273,M01,2021/11/25 10:00:43,52.8179,0.082638,3,4.10246,388,8
7949,Record95274,M01,2021/11/25 10:02:43,52.3772,0.18238,3,2.76453,389,9
7950,Record95275,M01,2021/11/25 10:04:43,52.9045,0.263226,3,3.62705,390,0
7955,Record95280,M01,2021/11/25 10:14:44,50.9393,0.315557,3,3.62705,391,1
7956,Record95281,M01,2021/11/25 10:16:43,51.4896,0.356815,3,3.90769,392,2
7957,Record95282,M01,2021/11/25 10:18:43,50.9834,0.198481,3,4.10246,393,3
7958,Record95283,M01,2021/11/25 10:20:43,52.3087,0.149746,3,3.90769,394,4
7959,Record95284,M01,2021/11/25 10:22:43,52.2375,0.313381,3,3.37386,395,5
7960,Record95285,M01,2021/11/25 10:24:43,51.2178,0.260037,3,3.90769,396,6
7961,Record95287,M01,2021/11/25 10:28:43,51.1364,0.197715,3,3.90769,397,7
7962,Record95288,M01,2021/11/25 10:30:43,52.668,0.302074,3,3.90769,398,8
7963,Record95289,M01,2021/11/25 10:32:43,50.729,0.070826,3,3.90769,399,9
7964,Record95290,M01,2021/11/25 10:34:43,50.5282,0.151009,3,3.90769,400,0
7965,Record95291,M01,2021/11/25 10:36:43,50.7468,0.141828,3,3.90769,401,1
7966,Record95292,M01,2021/11/25 10:38:43,50.7695,0.02646,3,3.90769,402,2
7967,Record95293,M01,2021/11/25 10:40:44,51.3646,0.150495,3,4.10246,403,3
8009,Record95340,M01,2021/11/25 12:14:43,50.6495,0.121133,3,2.76453,404,4
8045,Record95380,M01,2021/11/25 13:34:44,51.0137,0.350226,3,3.90769,405,5
8046,Record95381,M01,2021/11/25 13:36:44,50.888,0.239979,3,3.62705,406,6
8047,Record95383,M01,2021/11/25 13:40:44,55.2686,0.259131,3,2.76453,407,7
8048,Record95384,M01,2021/11/25 13:42:44,52.7942,0.365189,3,3.90769,408,8
8049,Record95385,M01,2021/11/25 13:44:44,52.7212,0.542855,3,3.90769,409,9
8050,Record95386,M01,2021/11/25 13:46:44,53.1951,0.359402,3,3.90769,410,0
8051,Record95387,M01,2021/11/25 13:48:44,54.7941,0.714545,3,5.20669,411,1
8052,Record95388,M01,2021/11/25 13:50:45,54.9541,0.437234,3,3.62705,412,2
8053,Record95389,M01,2021/11/25 13:52:44,54.6313,0.488545,3,3.37386,413,3
8054,Record95391,M01,2021/11/25 13:56:44,54.0929,0.435125,3,3.37386,414,4
8055,Record95392,M01,2021/11/25 13:58:44,54.7915,0.573147,3,3.90769,415,5
8056,Record95393,M01,2021/11/25 14:00:44,52.9291,0.234444,3,3.90769,416,6
8057,Record95394,M01,2021/11/25 14:02:44,55.5114,0.583095,3,3.62705,417,7
8058,Record95395,M01,2021/11/25 14:04:44,56.4579,0.728396,3,5.20669,418,8
8059,Record95396,M01,2021/11/25 14:06:44,56.1177,0.673479,3,3.90769,419,9
8060,Record95397,M01,2021/11/25 14:08:44,56.1491,0.675656,3,3.90769,420,0
8061,Record95399,M01,2021/11/25 14:12:45,56.1165,0.729294,3,5.20669,421,1
8062,Record95400,M01,2021/11/25 14:14:44,56.5662,0.739058,3,5.20669,422,2
8063,Record95401,M01,2021/11/25 14:16:45,56.7866,0.658083,3,3.90769,423,3
8064,Record95402,M01,2021/11/25 14:18:45,55.8224,0.76606,3,5.20669,424,4
8065,Record95403,M01,2021/11/25 14:20:44,56.0033,0.791289,3,5.20669,425,5
8066,Record95404,M01,2021/11/25 14:22:44,56.2097,0.833575,3,3.90769,426,6
8067,Record95405,M01,2021/11/25 14:24:45,55.7781,0.624318,3,3.90769,427,7
8068,Record95406,M01,2021/11/25 14:26:44,56.1872,0.793481,3,3.90769,428,8
8069,Record95407,M01,2021/11/25 14:28:44,55.705,0.707755,3,3.90769,429,9
8070,Record95408,M01,2021/11/25 14:30:44,56.4285,0.701432,3,3.90769,430,0
8071,Record95409,M01,2021/11/25 14:32:44,57.506,0.733155,3,3.90769,431,1
8072,Record95410,M01,2021/11/25 14:34:45,55.1408,0.431064,3,3.90769,432,2
8073,Record95411,M01,2021/11/25 14:36:45,54.5086,0.34096,3,3.62705,433,3
8074,Record95412,M01,2021/11/25 14:38:44,54.6907,0.397236,3,3.90769,434,4
8075,Record95413,M01,2021/11/25 14:40:44,54.8284,0.674987,3,3.90769,435,5
8076,Record95414,M01,2021/11/25 14:42:44,54.2478,0.185755,3,3.90769,436,6
8077,Record95415,M01,2021/11/25 14:44:44,56.8066,0.677888,3,3.90769,437,7
8078,Record95416,M01,2021/11/25 14:46:45,56.522,0.770016,3,3.90769,438,8
8079,Record95417,M01,2021/11/25 14:48:45,55.4934,0.780561,3,3.90769,439,9
8080,Record95418,M01,2021/11/25 14:50:45,56.8659,0.67268,3,3.90769,440,0
8081,Record95419,M01,2021/11/25 14:52:45,55.9383,0.694929,3,3.90769,441,1
8082,Record95420,M01,2021/11/25 14:54:44,56.2731,0.659055,3,3.90769,442,2
8083,Record95421,M01,2021/11/25 14:56:44,56.5652,0.666542,3,3.90769,443,3
8084,Record95423,M01,2021/11/25 15:00:45,54.7467,0.070459,3,3.37386,444,4
8085,Record95424,M01,2021/11/25 15:02:45,54.5209,0.083908,3,3.90769,445,5
8086,Record95425,M01,2021/11/25 15:04:45,53.9114,0.391319,3,3.90769,446,6
8087,Record95426,M01,2021/11/25 15:06:45,55.6006,0.166447,3,3.90769,447,7
8088,Record95427,M01,2021/11/25 15:08:45,55.9114,0.290022,3,3.90769,448,8
8089,Record95428,M01,2021/11/25 15:10:45,54.6267,0.296986,3,3.90769,449,9
8090,Record95429,M01,2021/11/25 15:12:45,53.0327,0.064016,3,3.90769,450,0
8091,Record95430,M01,2021/11/25 15:14:45,52.5326,0.010398,3,3.90769,451,1
8092,Record95431,M01,2021/11/25 15:16:45,52.691,0.046256,3,3.90769,452,2
8093,Record95432,M01,2021/11/25 15:18:45,52.7543,0.151866,3,3.90769,453,3
8094,Record95433,M01,2021/11/25 15:20:45,52.9663,0.032044,3,3.37386,454,4
8095,Record95434,M01,2021/11/25 15:22:45,53.2944,0.051982,3,3.37386,455,5
8096,Record95435,M01,2021/11/25 15:24:45,53.6866,0.076103,3,3.62705,456,6
8097,Record95436,M01,2021/11/25 15:26:45,50.3517,0.054205,3,3.62705,457,7
8098,Record95437,M01,2021/11/25 15:28:45,52.0259,0.046382,3,3.62705,458,8
8099,Record95439,M01,2021/11/25 15:32:45,51.5921,0.035148,3,3.62705,459,9
8100,Record95440,M01,2021/11/25 15:34:45,52.4667,0.114486,3,4.87117,460,0
8101,Record95441,M01,2021/11/25 15:36:44,50.8261,0.029277,3,3.62705,461,1
8102,Record95442,M01,2021/11/25 15:38:46,50.2825,0.267254,3,3.90769,462,2
8103,Record95443,M01,2021/11/25 15:40:45,50.4523,0.253609,3,3.90769,463,3
8104,Record95444,M01,2021/11/25 15:42:45,50.3929,0.338133,3,3.37386,464,4
8106,Record95447,M01,2021/11/25 15:48:45,50.3214,0.432539,3,5.20183,465,5
8107,Record95448,M01,2021/11/25 15:50:45,51.1311,0.257037,3,3.62705,466,6
8108,Record95449,M01,2021/11/25 15:52:45,51.0944,0.164363,3,3.62705,467,7
8109,Record95450,M01,2021/11/25 15:54:45,50.7647,0.202825,3,3.96024,468,8
8110,Record95451,M01,2021/11/25 15:56:45,50.9258,0.33251,3,3.90769,469,9
8111,Record95452,M01,2021/11/25 15:58:45,51.2319,0.214948,3,3.90769,470,0
8112,Record95453,M01,2021/11/25 16:00:45,50.9534,0.158325,3,3.90769,471,1
8113,Record95455,M01,2021/11/25 16:04:45,50.744,0.314799,3,5.20183,472,2
8114,Record95456,M01,2021/11/25 16:06:45,50.3949,0.19529,3,3.96024,473,3
8118,Record95460,M01,2021/11/25 16:14:48,50.0773,0.190309,3,3.90769,474,4
8128,Record95471,M01,2021/11/25 16:36:45,51.013,0.303438,3,4.39024,475,5
8137,Record95481,M01,2021/11/25 16:56:45,50.0807,0.3596,3,4.28875,476,6
8239,Record97387,M01,2021/12/3 9:29:17,50.9795,0.218762,3,2.76453,477,7
8242,Record97390,M01,2021/12/3 9:35:17,52.198,0.106043,3,2.76453,478,8
8247,Record97395,M01,2021/12/3 9:45:18,50.4903,0.090174,3,3.05455,479,9
8250,Record97398,M01,2021/12/3 9:51:20,50.1566,0.112697,3,2.60909,480,0
8273,Record97422,M01,2021/12/3 10:38:41,51.6941,0.097506,3,4.6319,481,1
8287,Record97436,M01,2021/12/3 11:06:41,51.7296,0.15063,3,2.60909,482,2
8288,Record97437,M01,2021/12/3 11:08:41,54.921,0.184673,3,3.05455,483,3
8312,Record97461,M01,2021/12/3 11:56:41,51.3476,0.269109,3,2.76453,484,4
8346,Record97495,M01,2021/12/3 13:04:41,53.1225,0.123506,3,2.76453,485,5
8350,Record97500,M01,2021/12/3 13:14:41,50.9466,0.26221,3,2.76453,486,6
8373,Record97527,M01,2021/12/3 14:08:43,51.3794,0.283953,3,2.76453,487,7
8383,Record97539,M01,2021/12/3 14:32:41,55.8343,0.219415,3,2.76453,488,8
8397,Record97554,M01,2021/12/3 15:02:41,53.6461,0.200945,3,4.3872,489,9
8414,Record97571,M01,2021/12/3 15:36:42,51.0544,0.109437,3,2.76453,490,0
8422,Record97579,M01,2021/12/3 15:52:41,55.5339,0.088319,3,4.6319,491,1
8432,Record97589,M01,2021/12/3 16:12:41,51.6938,0.206225,3,2.76453,492,2
8464,Record97621,M01,2021/12/3 17:16:41,50.6303,0.213171,3,4.3872,493,3
8484,Record97641,M01,2021/12/3 17:56:41,52.5862,0.121487,3,2.76453,494,4
8897,Record98070,M01,2021/12/4 8:14:44,54.8415,0.178062,3,2.76453,495,5
8916,Record98089,M01,2021/12/4 8:52:44,61.1486,0.13175,3,4.3872,496,6
8918,Record98091,M01,2021/12/4 8:56:44,53.2451,0.114098,3,2.76453,497,7
8922,Record98095,M01,2021/12/4 9:04:44,50.6353,0.117365,3,4.6319,498,8
8990,Record98164,M01,2021/12/4 11:22:49,50.393,0.234323,3,2.76453,499,9
9005,Record98180,M01,2021/12/4 11:54:45,56.7239,0.133257,3,2.76453,500,0
9011,Record98187,M01,2021/12/4 12:08:45,51.8876,0.235284,3,2.76453,501,1
9017,Record98194,M01,2021/12/4 12:22:48,54.9384,0.140934,3,2.76453,502,2
9042,Record98220,M01,2021/12/4 13:14:46,54.317,0.132397,3,4.6319,503,3
9057,Record98235,M01,2021/12/4 13:44:46,55.1978,0.214078,3,2.89344,504,4
9121,Record98302,M01,2021/12/4 15:58:49,59.781,0.477422,3,3.05455,505,5
9169,Record98355,M01,2021/12/4 17:44:48,52.0162,0.11459,3,2.76453,506,6
9391,Record100165,M01,2021/12/8 14:08:45,55.3434,0.442139,3,4.6319,507,7
9394,Record100169,M01,2021/12/8 14:16:46,57.4387,0.252766,3,2.76453,508,8
9405,Record100181,M01,2021/12/8 14:40:45,57.7737,0.205355,3,4.6319,509,9
9408,Record100185,M01,2021/12/8 14:48:46,50.8293,0.047318,3,2.76453,510,0
9409,Record100186,M01,2021/12/8 14:50:44,51.4644,0.134019,3,2.76453,511,1
9414,Record100192,M01,2021/12/8 15:02:45,51.2534,0.412431,3,2.76453,512,2
9417,Record100195,M01,2021/12/8 15:08:45,50.7496,0.151514,3,2.60909,513,3
9425,Record100204,M01,2021/12/8 15:26:45,51.6976,0.279014,3,4.3769,514,4
9473,Record100259,M01,2021/12/8 17:16:45,50.4,0.461301,3,2.76453,515,5
9493,Record100281,M01,2021/12/8 18:00:46,53.7508,0.040743,3,4.6319,516,6
9506,Record100296,M01,2021/12/8 18:30:47,50.792,0.234661,3,2.76453,517,7
9604,Record100404,M01,2021/12/8 22:06:48,52.3449,0.227003,3,2.76453,518,8
9619,Record100421,M01,2021/12/8 22:40:49,51.0166,0.207185,3,2.76453,519,9
9732,Record100550,M01,2021/12/9 2:58:51,51.207,0.142464,3,2.76453,520,0
9842,Record100667,M01,2021/12/9 6:52:54,50.9758,0.549814,3,5.27134,521,1
9849,Record100675,M01,2021/12/9 7:08:56,50.7354,0.465178,3,4.3769,522,2
9853,Record100679,M01,2021/12/9 7:16:55,51.4464,0.420243,3,4.39024,523,3
9856,Record100683,M01,2021/12/9 7:24:55,52.5081,0.537746,3,2.76453,524,4
9858,Record100685,M01,2021/12/9 7:28:55,50.8675,0.503632,3,4.87117,525,5
9872,Record100701,M01,2021/12/9 8:00:56,50.1225,0.416563,3,5.27134,526,6
9886,Record100715,M01,2021/12/9 8:28:56,55.6369,0.54909,3,4.87117,527,7
9904,Record100733,M01,2021/12/9 9:04:56,62.3738,0.151201,3,2.76453,528,8
9905,Record100734,M01,2021/12/9 9:06:57,51.2582,0.312027,3,2.60909,529,9
9948,Record100782,M01,2021/12/9 10:42:59,60.9308,0.211976,3,3.05455,530,0
9950,Record100784,M01,2021/12/9 10:46:58,57.1598,0.140106,3,2.76453,531,1
9951,Record100785,M01,2021/12/9 10:48:58,60.9307,0.182226,3,2.76453,532,2
9953,Record100787,M01,2021/12/9 10:52:58,60.5902,0.155773,3,4.6319,533,3
9959,Record100794,M01,2021/12/9 11:06:58,51.468,0.121083,3,4.6319,534,4
9972,Record100807,M01,2021/12/9 11:32:59,52.4634,0.27901,3,2.76453,535,5
9987,Record100822,M01,2021/12/9 12:02:59,59.444,0.204389,3,4.6319,536,6
10033,Record100870,M01,2021/12/9 13:39:01,50.8285,0.25898,3,2.76453,537,7
10039,Record100876,M01,2021/12/9 13:51:02,54.0643,0.285952,3,2.76453,538,8
10055,Record100893,M01,2021/12/9 14:25:02,50.4589,0.257506,3,4.3872,539,9
10066,Record100904,M01,2021/12/9 14:47:02,60.2695,0.164457,3,2.76453,540,0
10097,Record100938,M01,2021/12/9 15:55:04,51.5528,0.295431,3,2.76453,541,1
10100,Record100941,M01,2021/12/9 16:01:04,53.2009,0.391426,3,2.76453,542,2
10103,Record100944,M01,2021/12/9 16:07:04,57.2241,0.287151,3,4.6319,543,3
10113,Record100954,M01,2021/12/9 16:27:04,52.4763,0.084616,3,4.6319,544,4
10114,Record100955,M01,2021/12/9 16:29:06,52.893,0.135863,3,2.89344,545,5
10115,Record100956,M01,2021/12/9 16:31:04,53.4587,0.061242,3,4.17213,546,6
10116,Record100957,M01,2021/12/9 16:33:04,51.0905,0.081348,3,4.17213,547,7
10117,Record100958,M01,2021/12/9 16:35:04,51.3939,0.131842,3,4.17213,548,8
10120,Record100961,M01,2021/12/9 16:41:05,50.3234,0.417306,3,3.90769,549,9
10121,Record100962,M01,2021/12/9 16:43:06,53.0746,0.365283,3,4.87117,550,0
10123,Record100964,M01,2021/12/9 16:47:05,59.8412,0.15048,3,3.05455,551,1
10131,Record100973,M01,2021/12/9 17:05:06,50.0874,0.343447,3,4.3769,552,2
10139,Record100983,M01,2021/12/9 17:25:06,52.312,0.146487,3,4.3769,553,3
10144,Record100988,M01,2021/12/9 17:35:08,51.3749,0.345445,3,2.76453,554,4
10146,Record100991,M01,2021/12/9 17:41:07,50.7368,0.171025,3,3.93852,555,5
10148,Record100993,M01,2021/12/9 17:45:06,50.9333,0.417584,3,4.28875,556,6
10149,Record100994,M01,2021/12/9 17:47:07,50.5241,0.407911,3,4.39024,557,7
10178,Record101024,M01,2021/12/9 18:47:08,50.4257,0.175022,3,4.39024,558,8
10209,Record101058,M01,2021/12/9 19:55:09,52.6431,0.240905,3,4.28875,559,9
10220,Record101070,M01,2021/12/9 20:19:10,52.3094,0.162043,3,2.76453,560,0
10228,Record101079,M01,2021/12/9 20:37:10,53.1409,0.095347,3,2.76453,561,1
10229,Record101080,M01,2021/12/9 20:39:09,54.5592,0.103897,3,2.76453,562,2
10262,Record101114,M01,2021/12/9 21:47:11,50.761,0.099246,3,2.76453,563,3
10277,Record101131,M01,2021/12/9 22:21:12,50.8936,0.09535,3,4.3872,564,4
10427,Record101292,M01,2021/12/10 3:43:21,50.6797,0.176955,3,2.76453,565,5
10550,Record101424,M01,2021/12/10 8:07:29,61.2733,0.123281,3,4.3872,566,6
10552,Record101426,M01,2021/12/10 8:11:29,53.7939,0.511121,3,2.76453,567,7
10555,Record101429,M01,2021/12/10 8:17:29,50.4096,0.380942,3,4.28875,568,8
10557,Record101432,M01,2021/12/10 8:23:30,55.4381,0.327263,3,2.76453,569,9
10626,Record101506,M01,2021/12/10 10:51:35,51.2011,0.199316,3,2.76453,570,0
10628,Record101508,M01,2021/12/10 10:55:35,53.6048,0.170372,3,4.28875,571,1
10642,Record101524,M01,2021/12/10 11:27:36,51.1762,0.195217,3,2.76453,572,2
10669,Record101553,M01,2021/12/10 12:25:39,52.1793,0.211962,3,2.60909,573,3
10670,Record101554,M01,2021/12/10 12:27:39,57.4512,0.085192,3,4.3872,574,4
10696,Record101582,M01,2021/12/10 13:45:41,57.8234,0.170009,3,4.6319,575,5
10726,Record101612,M01,2021/12/10 15:45:43,54.365,0.132483,3,4.6319,576,6
10745,Record101632,M01,2021/12/10 17:05:45,50.2359,0.557344,3,2.76453,577,7
10996,Record101898,M01,2021/12/11 10:50:07,50.4032,0.214042,3,2.60909,578,8
10997,Record101899,M01,2021/12/11 10:54:07,53.2356,0.146937,3,3.90769,579,9
10998,Record101900,M01,2021/12/11 10:58:08,52.0347,0.253665,3,3.84802,580,0
10999,Record101902,M01,2021/12/11 11:06:08,52.1252,0.292346,3,3.90769,581,1
11001,Record101904,M01,2021/12/11 11:14:08,54.6179,0.161906,3,2.76453,582,2
11002,Record101905,M01,2021/12/11 11:18:08,53.0092,0.182927,3,4.87117,583,3
11035,Record101940,M01,2021/12/11 13:38:11,50.1734,0.144466,3,3.99392,584,4
11037,Record101942,M01,2021/12/11 13:46:12,56.2427,0.158314,3,2.76453,585,5
11129,Record102038,M01,2021/12/11 20:10:21,50.1972,0.122149,3,2.76453,586,6
11290,Record102221,M01,2021/12/12 7:56:41,50.5409,0.430297,3,5.27134,587,7
11296,Record102228,M01,2021/12/12 8:24:42,51.9099,0.322865,3,2.76453,588,8
11331,Record103627,M01,2021/12/16 12:03:00,53.6268,0.14515,3,2.76453,589,9
11382,Record103678,M01,2021/12/16 13:44:55,56.6,0.291883,3,4.6319,590,0
11444,Record103740,M01,2021/12/16 15:48:57,57.766,0.289166,3,2.76453,591,1
11479,Record103775,M01,2021/12/16 16:58:58,55.6095,0.194804,3,3.05455,592,2
11499,Record103795,M01,2021/12/16 17:38:59,58.3265,0.322159,3,4.6319,593,3
11513,Record103809,M01,2021/12/16 18:06:59,52.5356,0.285951,3,2.76453,594,4
11718,Record104015,M01,2021/12/17 16:59:25,50.3264,0.310183,3,4.69262,595,5
11723,Record104020,M01,2021/12/17 17:08:43,57.8768,0.074554,3,2.76453,596,6
11778,Record104075,M01,2021/12/17 18:58:40,51.4292,0.137081,3,2.76453,597,7
11779,Record104077,M01,2021/12/17 19:02:42,50.5038,0.389293,3,4.27217,598,8
11794,Record104093,M01,2021/12/17 19:34:41,51.2258,0.450474,3,3.90769,599,9
11795,Record104094,M01,2021/12/17 19:36:41,53.8226,0.123104,3,2.76453,600,0
12159,Record104482,M01,2021/12/18 8:32:41,54.5014,0.138643,3,2.76453,601,1
12161,Record104484,M01,2021/12/18 8:36:41,51.9515,0.285806,3,2.60909,602,2
12168,Record104491,M01,2021/12/18 8:50:41,51.4438,0.459661,3,2.76453,603,3
12179,Record104502,M01,2021/12/18 9:12:42,50.6891,0.2741,3,4.3769,604,4
12202,Record104527,M01,2021/12/18 10:02:42,58.5654,0.114768,3,2.76453,605,5
12237,Record104564,M01,2021/12/18 11:16:42,54.7686,0.348717,3,4.28875,606,6
12289,Record104619,M01,2021/12/18 13:06:43,53.7352,0.25451,3,4.3769,607,7
12300,Record104631,M01,2021/12/18 13:30:42,50.986,0.128108,3,2.76453,608,8
12320,Record104652,M01,2021/12/18 14:12:42,50.3536,0.372846,3,4.87117,609,9
12330,Record104663,M01,2021/12/18 14:34:42,50.0954,0.321764,3,4.39024,610,0
12344,Record104678,M01,2021/12/18 15:04:42,50.4328,0.233042,3,4.3872,611,1
12367,Record104702,M01,2021/12/18 15:52:43,50.8606,0.169,3,2.60909,612,2
12374,Record104710,M01,2021/12/18 16:08:43,54.7854,0.141618,3,4.6319,613,3
12375,Record104711,M01,2021/12/18 16:10:44,50.0645,0.281967,3,4.3769,614,4
12392,Record104730,M01,2021/12/18 16:48:43,50.6026,0.401946,3,4.27217,615,5
12531,Record104876,M01,2021/12/18 21:40:44,50.7899,0.047188,3,2.60909,616,6
12899,Record105263,M01,2021/12/19 10:34:51,52.0684,0.315249,3,3.62705,617,7
12901,Record105265,M01,2021/12/19 10:38:51,50.4504,0.258529,3,3.37386,618,8
12904,Record105268,M01,2021/12/19 10:44:51,50.4634,0.276927,3,3.62705,619,9
12915,Record105281,M01,2021/12/19 11:10:51,50.2427,0.321714,3,4.3769,620,0
12991,Record105363,M01,2021/12/19 13:54:53,51.2269,0.358624,3,4.28875,621,1
13080,Record105456,M01,2021/12/19 17:00:56,50.3004,0.283655,3,4.6319,622,2
13168,Record105546,M01,2021/12/19 20:00:59,52.4385,0.046496,3,4.6319,623,3
13185,Record105564,M01,2021/12/19 20:36:59,54.1334,0.115466,3,2.76453,624,4
13223,Record105604,M01,2021/12/19 21:57:00,53.8886,0.134995,3,4.6319,625,5
13499,Record105891,M01,2021/12/20 7:31:13,50.1043,0.404515,3,4.3769,626,6
13509,Record105901,M01,2021/12/20 7:51:13,50.1295,0.180668,3,4.3769,627,7
13518,Record105910,M01,2021/12/20 8:09:14,50.6912,0.265324,3,5.27134,628,8
13527,Record105920,M01,2021/12/20 8:29:14,50.0396,0.444829,3,3.78279,629,9
13536,Record105929,M01,2021/12/20 8:47:14,50.587,0.353091,3,4.39024,630,0
13540,Record105933,M01,2021/12/20 8:55:15,50.2474,0.291442,3,4.39024,631,1
13622,Record106016,M01,2021/12/20 11:41:19,57.1257,0.221819,3,2.76453,632,2
13637,Record106031,M01,2021/12/20 12:11:19,50.1198,0.270705,3,4.28875,633,3
13743,Record106142,M01,2021/12/20 15:53:26,54.4864,0.151251,3,2.76453,634,4
13756,Record106158,M01,2021/12/20 16:25:27,51.1105,0.21672,3,3.84802,635,5
13772,Record106177,M01,2021/12/20 17:03:28,50.1585,0.225435,3,5.20669,636,6
13773,Record106178,M01,2021/12/20 17:05:28,50.5664,0.394828,3,4.27217,637,7
13780,Record106185,M01,2021/12/20 17:19:29,50.6462,0.384352,3,4.27217,638,8
13781,Record106186,M01,2021/12/20 17:21:29,50.9447,0.278939,3,4.27217,639,9
13782,Record106187,M01,2021/12/20 17:23:29,51.1487,0.311867,3,4.69262,640,0
13849,Record106259,M01,2021/12/20 19:47:33,50.4221,0.369365,3,3.84802,641,1
13959,Record106374,M01,2021/12/21 0:31:42,50.0937,0.220521,3,3.3769,642,2
13960,Record106375,M01,2021/12/21 0:35:42,51.2644,0.259343,3,5.20669,643,3
13963,Record106378,M01,2021/12/21 0:47:42,52.0056,0.255354,3,3.3769,644,4
13964,Record106379,M01,2021/12/21 0:51:44,51.9917,0.131828,3,3.3769,645,5
14153,Record106581,M01,2021/12/21 14:19:59,50.9327,0.452079,3,5.20183,646,6
14180,Record106609,M01,2021/12/21 16:12:01,50.5364,0.322249,3,4.3769,647,7
14233,Record106664,M01,2021/12/21 19:52:07,51.5367,0.050251,3,3.84802,648,8
14234,Record106665,M01,2021/12/21 19:56:09,53.2542,0.046165,3,3.84802,649,9
14235,Record106666,M01,2021/12/21 20:00:08,50.5853,0.046017,3,3.84802,650,0
14394,Record106837,M01,2021/12/22 7:24:25,53.4318,0.433865,3,4.10246,651,1
14400,Record106843,M01,2021/12/22 7:48:26,50.3856,0.327606,3,4.87117,652,2
14405,Record106848,M01,2021/12/22 8:08:25,50.7597,0.215275,3,4.00912,653,3
14413,Record106856,M01,2021/12/22 8:40:27,53.7869,0.69846,3,4.17213,654,4
14423,Record106866,M01,2021/12/22 9:20:28,51.8926,0.167046,3,2.76453,655,5
14438,Record106884,M01,2021/12/22 10:00:43,53.8461,0.171541,3,4.17213,656,6
14441,Record106887,M01,2021/12/22 10:06:45,51.2367,#N/A,3,4.28875,657,7
14454,Record106905,M01,2021/12/22 10:42:44,58.4033,0.218542,3,3.05455,658,8
14468,Record106921,M01,2021/12/22 11:14:40,52.7291,0.209076,3,2.76453,659,9
14470,Record106923,M01,2021/12/22 11:18:41,54.6598,0.371733,3,4.3872,660,0
14477,Record106930,M01,2021/12/22 11:32:40,54.0976,0.191267,3,2.76453,661,1
14480,Record106934,M01,2021/12/22 11:40:42,57.2078,0.07365,3,4.6319,662,2
14486,Record106941,M01,2021/12/22 11:54:42,53.0436,0.290965,3,2.76453,663,3
14491,Record106946,M01,2021/12/22 12:04:40,52.9149,0.124403,3,2.76453,664,4
14548,Record107006,M01,2021/12/22 14:04:40,53.3018,0.134039,3,2.76453,665,5
14557,Record107015,M01,2021/12/22 14:22:40,52.769,0.276123,3,2.76453,666,6
14572,Record107031,M01,2021/12/22 14:54:40,59.0122,0.085314,3,4.6319,667,7
14574,Record107033,M01,2021/12/22 14:58:41,59.7528,0.16983,3,4.6319,668,8
14585,Record107044,M01,2021/12/22 15:20:40,52.7543,0.406561,3,2.76453,669,9
14651,Record107116,M01,2021/12/22 17:44:41,50.2292,0.069601,3,4.17213,670,0
14652,Record107117,M01,2021/12/22 17:46:42,50.0315,0.182023,3,4.17213,671,1
14653,Record107118,M01,2021/12/22 17:48:42,52.8993,0.229074,3,4.17213,672,2
14654,Record107119,M01,2021/12/22 17:50:40,50.419,0.109445,3,4.87117,673,3
15057,Record107549,M01,2021/12/23 8:10:43,52.6967,0.282826,3,4.10246,674,4
15058,Record107550,M01,2021/12/23 8:12:43,50.7383,0.32423,3,4.87117,675,5
15059,Record107552,M01,2021/12/23 8:16:43,50.6201,0.415933,3,4.87117,676,6
15061,Record107554,M01,2021/12/23 8:20:44,50.0415,0.440305,3,5.27134,677,7
15162,Record107759,M01,2021/12/23 15:12:53,58.1009,0.29021,3,4.6319,678,8
15227,Record107834,M01,2021/12/23 17:42:47,56.2322,0.061399,3,2.76453,679,9
15610,Record108238,M01,2021/12/24 7:44:56,50.8229,0.487819,3,4.87117,680,0
15628,Record108258,M01,2021/12/24 8:24:58,50.363,0.471462,3,4.87117,681,1
15643,Record108273,M01,2021/12/24 8:54:57,50.1966,0.549316,3,4.87117,682,2
15649,Record108279,M01,2021/12/24 9:06:57,51.6305,0.431441,3,4.3872,683,3
15705,Record108338,M01,2021/12/24 11:05:00,57.8935,0.109549,3,2.76453,684,4
15706,Record108339,M01,2021/12/24 11:07:01,50.6001,0.204668,3,3.62705,685,5
15708,Record108341,M01,2021/12/24 11:10:59,51.5963,0.237129,3,4.10246,686,6
15709,Record108342,M01,2021/12/24 11:12:59,50.5951,0.224695,3,3.99392,687,7
15710,Record108343,M01,2021/12/24 11:14:59,52.1181,0.105501,3,3.90769,688,8
15714,Record108348,M01,2021/12/24 11:24:59,50.4661,0.287064,3,3.90769,689,9
15722,Record108356,M01,2021/12/24 11:41:00,56.5484,0.136724,3,4.6319,690,0
15731,Record108365,M01,2021/12/24 11:59:00,55.3602,0.253586,3,2.76453,691,1
15802,Record108441,M01,2021/12/24 14:31:03,54.5319,0.260787,3,2.76453,692,2
15805,Record108445,M01,2021/12/24 14:39:03,53.877,0.257879,3,2.76453,693,3
15865,Record108508,M01,2021/12/24 16:45:06,51.7108,0.443249,3,2.76453,694,4
15871,Record108514,M01,2021/12/24 16:57:06,55.5207,0.354449,3,2.76453,695,5
15873,Record108516,M01,2021/12/24 17:01:06,52.1199,0.56636,3,3.96024,696,6
15875,Record108518,M01,2021/12/24 17:05:06,60.0286,0.27649,3,2.76453,697,7
15878,Record108521,M01,2021/12/24 17:11:06,51.1384,0.554246,3,4.17213,698,8
15880,Record108523,M01,2021/12/24 17:15:06,50.5115,0.602716,3,4.87117,699,9
15889,Record108534,M01,2021/12/24 17:37:09,52.1296,0.341697,3,4.10246,700,0
15892,Record108537,M01,2021/12/24 17:43:07,50.4042,0.251686,3,3.62705,701,1
15900,Record108545,M01,2021/12/24 17:59:07,51.6846,0.120519,3,4.3769,702,2
15902,Record108547,M01,2021/12/24 18:03:07,50.215,0.168283,3,4.3872,703,3
16282,Record108946,M01,2021/12/25 7:21:29,50.1028,0.611921,3,2.89344,704,4
16314,Record108978,M01,2021/12/25 8:25:31,56.5528,0.511557,3,2.76453,705,5
16345,Record109009,M01,2021/12/25 9:27:33,50.5377,0.30881,3,2.60909,706,6
16368,Record109032,M01,2021/12/25 10:13:35,52.0889,0.155152,3,2.76453,707,7
16401,Record109065,M01,2021/12/25 11:19:37,50.1084,0.439504,3,4.87117,708,8
16413,Record109077,M01,2021/12/25 11:43:39,50.7543,0.181053,3,2.76453,709,9
16415,Record109079,M01,2021/12/25 11:47:40,51.1695,0.296163,3,2.76453,710,0
16431,Record109095,M01,2021/12/25 12:19:39,57.818,0.157166,3,2.76453,711,1
16476,Record109142,M01,2021/12/25 15:03:43,56.0864,0.319093,3,2.76453,712,2
16480,Record109146,M01,2021/12/25 15:19:43,54.3769,0.192517,3,2.76453,713,3
16481,Record109147,M01,2021/12/25 15:23:43,52.8607,0.037328,3,4.39024,714,4
16482,Record109148,M01,2021/12/25 15:27:43,61.843,0.175666,3,4.94672,715,5
16483,Record109149,M01,2021/12/25 15:31:43,55.0533,0.115981,3,3.78279,716,6
16511,Record109179,M01,2021/12/25 17:31:45,55.1316,0.170083,3,2.76453,717,7
16731,Record109414,M01,2021/12/26 9:12:05,50.6382,0.494147,3,4.87117,718,8
16736,Record109419,M01,2021/12/26 9:32:05,51.2753,0.252614,3,4.3769,719,9
16792,Record109475,M01,2021/12/26 13:16:10,50.9815,0.43646,3,2.76453,720,0
16812,Record109496,M01,2021/12/26 14:40:12,50.3426,0.425167,3,4.27217,721,1
16813,Record109497,M01,2021/12/26 14:44:12,50.0472,0.275099,3,3.9052,722,2
16814,Record109498,M01,2021/12/26 14:48:13,50.3616,0.274887,3,3.9052,723,3
16815,Record109499,M01,2021/12/26 14:52:13,51.749,0.37367,3,3.9052,724,4
16816,Record109500,M01,2021/12/26 14:56:13,50.1171,0.193169,3,3.9052,725,5
16818,Record109503,M01,2021/12/26 15:06:14,50.3653,0.191419,3,4.6319,726,6
16829,Record109514,M01,2021/12/26 15:50:14,50.229,0.171201,3,4.27217,727,7
16832,Record109517,M01,2021/12/26 16:02:15,50.6444,0.108547,3,3.84802,728,8
16836,Record109521,M01,2021/12/26 16:18:16,51.2865,0.280059,3,4.17213,729,9
16837,Record109522,M01,2021/12/26 16:22:17,50.9966,0.15706,3,4.17213,730,0
16838,Record109523,M01,2021/12/26 16:26:15,50.4272,0.406346,3,4.39024,731,1
16839,Record109524,M01,2021/12/26 16:30:16,50.8745,0.085303,3,4.39024,732,2
16864,Record109551,M01,2021/12/26 18:18:19,50.0862,0.114461,3,4.27217,733,3
16870,Record109557,M01,2021/12/26 18:42:19,54.0864,0.037441,3,2.76453,734,4
16873,Record109560,M01,2021/12/26 18:54:20,50.8996,0.021824,3,3.78279,735,5
16910,Record109599,M01,2021/12/26 21:30:24,51.2671,0.202361,3,5.20669,736,6
16918,Record109607,M01,2021/12/26 22:02:25,54.0968,0.034411,3,4.87117,737,7
16920,Record109609,M01,2021/12/26 22:10:25,52.2249,0.114439,3,2.76453,738,8
16954,Record109645,M01,2021/12/27 0:34:28,50.2223,0.096413,3,5.20669,739,9
17032,Record109726,M01,2021/12/27 5:58:38,50.0249,0.154973,3,5.20669,740,0
17061,Record109758,M01,2021/12/27 8:06:43,57.3701,0.227073,3,2.76453,741,1
17086,Record109784,M01,2021/12/27 9:50:46,51.3272,0.266403,3,3.90769,742,2
17103,Record109802,M01,2021/12/27 11:02:49,55.5277,0.082539,3,2.76453,743,3
17108,Record109808,M01,2021/12/27 11:26:49,55.9968,0.102188,3,2.76453,744,4
